local_identifier,tag_id,timestamp,dateOnly,ground_speed,individual_id,tag_local_identifier,location_long,location_lat,geometry,dist_to_carc,carcID
A01w,2372201072,2024-04-22T12:52:43Z,2024-04-22,0,1265772803,225172,35.0665588378906,30.881929397583004,"c(35.0665588378906, 30.881929397583)",11.888470913745348,4874955
A01w,2372201072,2024-04-22T13:02:41Z,2024-04-22,0,1265772803,225172,35.0666389465332,30.882022857666,"c(35.0666389465332, 30.882022857666)",12.344256940938138,4874955
A01w,2372201072,2024-04-22T13:12:41Z,2024-04-22,0,1265772803,225172,35.0665817260742,30.882011413574197,"c(35.0665817260742, 30.8820114135742)",7.1013841071171955,4874955
A01w,2372201072,2024-04-22T13:22:44Z,2024-04-22,0,1265772803,225172,35.0663566589355,30.881996154785192,"c(35.0663566589355, 30.8819961547852)",15.083025172016777,4874955
A01w,2372201072,2024-04-22T13:32:44Z,2024-04-22,0,1265772803,225172,35.0666275024414,30.8819561004639,"c(35.0666275024414, 30.8819561004639)",13.777356400029971,4874955
A01w,2372201072,2024-04-22T13:42:39Z,2024-04-22,0,1265772803,225172,35.0666732788086,30.881893157958995,"c(35.0666732788086, 30.881893157959)",21.617864754885453,4874955
A01w,2372201072,2024-04-22T13:52:45Z,2024-04-22,0.555555555555556,1265772803,225172,35.066780090332,30.881614685058594,"c(35.066780090332, 30.8816146850586)",52.604404153929,4874955
A01w,2372201072,2024-04-22T14:02:43Z,2024-04-22,0,1265772803,225172,35.0667915344238,30.881711959838896,"c(35.0667915344238, 30.8817119598389)",44.18992894318626,4874955
A01w,2372201072,2024-04-22T14:12:49Z,2024-04-22,0.277777777777778,1265772803,225172,35.0666313171387,30.882045745849595,"c(35.0666313171387, 30.8820457458496)",11.767154495492406,4874955
A01w,2372201072,2024-04-22T14:22:45Z,2024-04-22,0.277777777777778,1265772803,225172,35.0668334960938,30.88158988952639,"c(35.0668334960938, 30.8815898895264)",57.59050475419876,4874955
A01w,2372201072,2024-04-22T14:33:01Z,2024-04-22,0,1265772803,225172,35.0668754577637,30.882028579711893,"c(35.0668754577637, 30.8820285797119)",34.94857453333298,4874955
A01w,2372201072,2024-04-22T14:42:39Z,2024-04-22,0,1265772803,225172,35.0665588378906,30.882085800170888,"c(35.0665588378906, 30.8820858001709)",7.929893763143084,4874955
A01w,2372201072,2024-04-22T14:52:39Z,2024-04-22,0,1265772803,225172,35.0666160583496,30.88208389282231,"c(35.0666160583496, 30.8820838928223)",11.885765683856313,4874955
A01w,2372201072,2024-04-22T15:02:39Z,2024-04-22,0.277777777777778,1265772803,225172,35.0666542053223,30.88207435607911,"c(35.0666542053223, 30.8820743560791)",14.716963530046243,4874955
A01w,2372201072,2024-04-22T15:12:39Z,2024-04-22,0,1265772803,225172,35.066780090332,30.882040023803704,"c(35.066780090332, 30.8820400238037)",25.862963698673674,4874955
A01w,2372201072,2024-04-22T15:22:39Z,2024-04-22,0,1265772803,225172,35.0669555664063,30.882072448730504,"c(35.0669555664063, 30.8820724487305)",42.89331529116869,4874955
A01w,2372201072,2024-04-22T15:32:39Z,2024-04-22,0,1265772803,225172,35.066650390625,30.882017135620096,"c(35.066650390625, 30.8820171356201)",13.479408060463768,4874955
A01w,2372201072,2024-04-22T15:42:39Z,2024-04-22,0,1265772803,225172,35.0667152404785,30.881919860839787,"c(35.0667152404785, 30.8819198608398)",22.99962774049633,4874955
A01w,2372201072,2024-04-22T15:52:39Z,2024-04-22,0,1265772803,225172,35.0666999816895,30.881074905395497,"c(35.0666999816895, 30.8810749053955)",107.22611204606233,4874955
A01w,2372201072,2024-04-22T16:02:39Z,2024-04-22,0,1265772803,225172,35.0667572021484,30.881139755249006,"c(35.0667572021484, 30.881139755249)",101.28290232895293,4874955
A01w,2372201072,2024-04-22T16:12:39Z,2024-04-22,0,1265772803,225172,35.0666732788086,30.8812026977539,"c(35.0666732788086, 30.8812026977539)",92.8292171036398,4874955
A01w,2372201072,2024-04-22T16:21:29Z,2024-04-22,0,1265772803,225172,35.0666465759277,30.881229400634798,"c(35.0666465759277, 30.8812294006348)",89.50393253047302,4874955
A01w,2372201072,2024-04-23T04:42:53Z,2024-04-23,0,1265772803,225172,35.0689926147461,30.882007598877,"c(35.0689926147461, 30.882007598877)",237.42193687277282,4874955
A01w,2372201072,2024-04-23T05:32:52Z,2024-04-23,0,1265772803,225172,35.0690803527832,30.8821678161621,"c(35.0690803527832, 30.8821678161621)",246.28967404619092,4874955
A01w,2372201072,2024-04-23T05:42:52Z,2024-04-23,0,1265772803,225172,35.0690650939941,30.882129669189503,"c(35.0690650939941, 30.8821296691895)",244.6020585785719,4874955
A01w,2372201072,2024-04-23T05:52:53Z,2024-04-23,0,1265772803,225172,35.0690536499023,30.882158279418896,"c(35.0690536499023, 30.8821582794189)",243.6762530534037,4874955
A01w,2372201072,2024-04-23T06:02:52Z,2024-04-23,0,1265772803,225172,35.0691032409668,30.882160186767603,"c(35.0691032409668, 30.8821601867676)",248.42282413571758,4874955
A01w,2372201072,2024-04-23T06:12:55Z,2024-04-23,0,1265772803,225172,35.0667953491211,30.882301330566392,"c(35.0667953491211, 30.8823013305664)",40.7807516501384,4874955
A01w,2372201072,2024-04-23T06:23:19Z,2024-04-23,1.11111111111111,1265772803,225172,35.0665817260742,30.881935119628903,"c(35.0665817260742, 30.8819351196289)",12.3734192610837,4874955
A01w,2372201072,2024-04-23T06:32:54Z,2024-04-23,0,1265772803,225172,35.0666389465332,30.881946563720707,"c(35.0666389465332, 30.8819465637207)",15.28349367336942,4874955
A01w,2372201072,2024-04-23T06:42:53Z,2024-04-23,0,1265772803,225172,35.0665588378906,30.8818550109863,"c(35.0665588378906, 30.8818550109863)",19.740826562155142,4874955
A01w,2372201072,2024-04-23T06:53:19Z,2024-04-23,0,1265772803,225172,35.0665321350098,30.8819580078125,"c(35.0665321350098, 30.8819580078125)",8.043992424841361,4874955
A01w,2372201072,2024-04-23T07:02:52Z,2024-04-23,0,1265772803,225172,35.0666160583496,30.8818778991699,"c(35.0666160583496, 30.8818778991699)",19.489590923084496,4874955
A01w,2372201072,2024-04-23T07:12:52Z,2024-04-23,0,1265772803,225172,35.0666313171387,30.88200378417971,"c(35.0666313171387, 30.8820037841797)",11.908130838972152,4874955
A01w,2372201072,2024-04-23T07:22:52Z,2024-04-23,0,1265772803,225172,35.0666122436523,30.881872177123995,"c(35.0666122436523, 30.881872177124)",19.851889224824596,4874955
A01w,2372201072,2024-04-23T07:32:53Z,2024-04-23,0,1265772803,225172,35.0667610168457,30.881711959838896,"c(35.0667610168457, 30.8817119598389)",42.474973650303845,4874955
A01w,2372201072,2024-04-23T07:42:53Z,2024-04-23,0,1265772803,225172,35.0666198730469,30.8818283081055,"c(35.0666198730469, 30.8818283081055)",24.50773306108098,4874955
A01w,2372201072,2024-04-23T07:52:54Z,2024-04-23,0,1265772803,225172,35.0668067932129,30.8817176818848,"c(35.0668067932129, 30.8817176818848)",44.60257678852906,4874955
A01w,2372201072,2024-04-23T08:02:53Z,2024-04-23,0,1265772803,225172,35.0665168762207,30.881874084472695,"c(35.0665168762207, 30.8818740844727)",17.078273128155367,4874955
A01w,2372201072,2024-04-23T08:12:53Z,2024-04-23,0,1265772803,225172,35.0663795471191,30.8819732666016,"c(35.0663795471191, 30.8819732666016)",13.87290436598644,4874955
A01w,2372201072,2024-04-23T08:22:53Z,2024-04-23,0,1265772803,225172,35.0663642883301,30.88191223144529,"c(35.0663642883301, 30.8819122314453)",18.945411913651977,4874955
A01w,2372201072,2024-04-23T08:32:53Z,2024-04-23,0,1265772803,225172,35.0665016174316,30.881872177124,"c(35.0665016174316, 30.881872177124)",17.2956759204696,4874955
A01w,2372201072,2024-04-23T08:42:53Z,2024-04-23,0,1265772803,225172,35.0666885375977,30.881881713867198,"c(35.0666885375977, 30.8818817138672)",23.549551202695994,4874955
A01w,2372201072,2024-04-23T08:53:02Z,2024-04-23,0,1265772803,225172,35.066707611084,30.8819332122803,"c(35.066707611084, 30.8819332122803)",21.62331416909075,4874955
A01w,2372201072,2024-04-23T09:03:06Z,2024-04-23,0,1265772803,225172,35.066650390625,30.881895065307603,"c(35.066650390625, 30.8818950653076)",19.937186741537694,4874955
A01w,2372201072,2024-04-23T09:12:53Z,2024-04-23,0,1265772803,225172,35.0668983459473,30.882055282592802,"c(35.0668983459473, 30.8820552825928)",37.260290357761825,4874955
A01w,2372201072,2024-04-23T09:23:19Z,2024-04-23,0,1265772803,225172,35.0666351318359,30.882076263427702,"c(35.0666351318359, 30.8820762634277)",13.10832097697062,4874955
A01w,2372201072,2024-04-23T09:32:53Z,2024-04-23,0,1265772803,225172,35.0666618347168,30.882047653198203,"c(35.0666618347168, 30.8820476531982)",14.682467023931714,4874955
A01w,2372201072,2024-04-23T09:42:53Z,2024-04-23,0,1265772803,225172,35.0665016174316,30.88195991516109,"c(35.0665016174316, 30.8819599151611)",7.591448356497626,4874955
A01w,2372201072,2024-04-23T09:52:52Z,2024-04-23,0,1265772803,225172,35.0666236877441,30.881946563720707,"c(35.0666236877441, 30.8819465637207)",14.132502248176285,4874955
A01w,2372201072,2024-04-23T10:02:52Z,2024-04-23,0,1265772803,225172,35.0666732788086,30.881923675537102,"c(35.0666732788086, 30.8819236755371)",19.432029097954413,4874955
A01w,2372201072,2024-04-23T10:12:53Z,2024-04-23,0,1265772803,225172,35.0666694641113,30.8818340301514,"c(35.0666694641113, 30.8818340301514)",26.364451105808428,4874955
A01w,2372201072,2024-04-23T10:22:52Z,2024-04-23,0,1265772803,225172,35.0666656494141,30.8818759918213,"c(35.0666656494141, 30.8818759918213)",22.4858896477134,4874955
A01w,2372201072,2024-04-23T10:32:53Z,2024-04-23,0.277777777777778,1265772803,225172,35.0667152404785,30.8819847106934,"c(35.0667152404785, 30.8819847106934)",20.205399079434265,4874955
A01w,2372201072,2024-04-23T10:42:53Z,2024-04-23,0,1265772803,225172,35.0666732788086,30.882013320922898,"c(35.0666732788086, 30.8820133209229)",15.698854949083366,4874955
A01w,2372201072,2024-04-23T10:52:53Z,2024-04-23,0,1265772803,225172,35.0664482116699,30.8821411132813,"c(35.0664482116699, 30.8821411132813)",13.86381639018275,4874955
A01w,2372201072,2024-04-23T11:02:53Z,2024-04-23,0,1265772803,225172,35.0664749145508,30.882148742675803,"c(35.0664749145508, 30.8821487426758)",13.801560581115583,4874955
A01w,2372201072,2024-04-23T11:12:53Z,2024-04-23,0.555555555555556,1265772803,225172,35.0664901733398,30.882331848144496,"c(35.0664901733398, 30.8823318481445)",33.74291853518507,4874955
A01w,2372201072,2024-04-23T11:23:03Z,2024-04-23,0,1265772803,225172,35.066535949707,30.882289886474595,"c(35.066535949707, 30.8822898864746)",29.14289256528021,4874955
A01w,2372201072,2024-04-23T11:33:10Z,2024-04-23,0,1265772803,225172,35.0665397644043,30.882282257080096,"c(35.0665397644043, 30.8822822570801)",28.334454570304658,4874955
A01w,2372201072,2024-04-23T11:42:53Z,2024-04-23,0,1265772803,225172,35.0667304992676,30.882179260253903,"c(35.0667304992676, 30.8821792602539)",26.94255206249839,4874955
A01w,2372201072,2024-04-23T11:53:06Z,2024-04-23,0,1265772803,225172,35.0667343139648,30.8821678161621,"c(35.0667343139648, 30.8821678161621)",26.466343951906612,4874955
A01w,2372201072,2024-04-23T12:03:13Z,2024-04-23,0,1265772803,225172,35.066764831543,30.881975173950202,"c(35.066764831543, 30.8819751739502)",25.063400387647945,4874955
A01w,2372201072,2024-04-23T12:12:54Z,2024-04-23,0,1265772803,225172,35.0667839050293,30.881881713867212,"c(35.0667839050293, 30.8818817138672)",30.808643644842054,4874955
A01w,2372201072,2024-04-23T12:23:19Z,2024-04-23,0.277777777777778,1265772803,225172,35.0668182373047,30.882057189941396,"c(35.0668182373047, 30.8820571899414)",29.653698818311028,4874955
A01w,2372201072,2024-04-23T12:32:52Z,2024-04-23,0,1265772803,225172,35.0665588378906,30.8821334838867,"c(35.0665588378906, 30.8821334838867)",12.593688306966476,4874955
A01w,2372201072,2024-04-23T12:42:52Z,2024-04-23,0,1265772803,225172,35.06652832031251,30.882028579711893,"c(35.0665283203125, 30.8820285797119)",1.7531394885263663,4874955
A01w,2372201072,2024-04-23T12:52:53Z,2024-04-23,0,1265772803,225172,35.0664482116699,30.882139205932592,"c(35.0664482116699, 30.8821392059326)",13.672802642225399,4874955
A01w,2372201072,2024-04-23T13:02:52Z,2024-04-23,0,1265772803,225172,35.0664978027344,30.882162094116207,"c(35.0664978027344, 30.8821620941162)",14.913565181700251,4874955
A01w,2372201072,2024-04-23T13:12:53Z,2024-04-23,0,1265772803,225172,35.0665245056152,30.8820743560791,"c(35.0665245056152, 30.8820743560791)",5.323696702005948,4874955
A01w,2372201072,2024-04-23T13:22:53Z,2024-04-23,0,1265772803,225172,35.0666198730469,30.8820667266846,"c(35.0666198730469, 30.8820667266846)",11.350612365848013,4874955
A01w,2372201072,2024-04-23T13:32:55Z,2024-04-23,0.277777777777778,1265772803,225172,35.0667419433594,30.881933212280305,"c(35.0667419433594, 30.8819332122803)",24.544536766544624,4874955
A01w,2372201072,2024-04-23T13:42:53Z,2024-04-23,0,1265772803,225172,35.0666198730469,30.8820667266846,"c(35.0666198730469, 30.8820667266846)",11.350612365848013,4874955
A01w,2372201072,2024-04-23T13:52:54Z,2024-04-23,0,1265772803,225172,35.0666351318359,30.88202285766601,"c(35.0666351318359, 30.882022857666)",11.979860817735972,4874955
A01w,2372201072,2024-04-23T14:02:53Z,2024-04-23,0,1265772803,225172,35.0665550231934,30.882093429565405,"c(35.0665550231934, 30.8820934295654)",8.436046615356661,4874955
A01w,2372201072,2024-04-23T14:12:53Z,2024-04-23,0,1265772803,225172,35.0665588378906,30.8821315765381,"c(35.0665588378906, 30.8821315765381)",12.397536155241083,4874955
A01w,2372201072,2024-04-23T14:22:56Z,2024-04-23,0,1265772803,225172,35.066593170166,30.882139205932592,"c(35.066593170166, 30.8821392059326)",14.672770721949771,4874955
A01w,2372201072,2024-04-23T14:32:54Z,2024-04-23,0.277777777777778,1265772803,225172,35.0665321350098,30.8822498321533,"c(35.0665321350098, 30.8822498321533)",24.68688223143387,4874955
A01w,2372201072,2024-04-23T14:43:19Z,2024-04-23,0,1265772803,225172,35.0666885375977,30.88209342956539,"c(35.0666885375977, 30.8820934295654)",18.550784363093282,4874955
A01w,2372201072,2024-04-23T14:52:53Z,2024-04-23,0,1265772803,225172,35.0668296813965,30.8820323944092,"c(35.0668296813965, 30.8820323944092)",30.574829383216443,4874955
A01w,2372201072,2024-04-23T15:02:53Z,2024-04-23,0,1265772803,225172,35.0667915344238,30.8820247650147,"c(35.0667915344238, 30.8820247650147)",26.92536397345791,4874955
A01w,2372201072,2024-04-23T15:12:54Z,2024-04-23,0,1265772803,225172,35.0668411254883,30.882068634033192,"c(35.0668411254883, 30.8820686340332)",31.984239213250053,4874955
A01w,2372201072,2024-04-23T15:22:55Z,2024-04-23,0,1265772803,225172,35.0683822631836,30.882152557373104,"c(35.0683822631836, 30.8821525573731)",179.5752423159203,4874955
A01w,2372201072,2024-04-23T15:32:54Z,2024-04-23,0,1265772803,225172,35.06822204589841,30.881896972656296,"c(35.0682220458984, 30.8818969726563)",164.36542591716852,4874955
A01w,2372201072,2024-04-23T15:42:55Z,2024-04-23,0,1265772803,225172,35.0680847167969,30.8822135925293,"c(35.0680847167969, 30.8822135925293)",151.98862590096766,4874955
A01w,2372201072,2024-04-23T15:53:02Z,2024-04-23,0.277777777777778,1265772803,225172,35.068359375,30.881948471069293,"c(35.068359375, 30.8819484710693)",177.0744920673019,4874955
A01w,2372201072,2024-04-23T16:02:54Z,2024-04-23,0,1265772803,225172,35.0686721801758,30.881599426269503,"c(35.0686721801758, 30.8815994262695)",212.1586284299672,4874955
A01w,2372201072,2024-04-23T16:12:58Z,2024-04-23,0,1265772803,225172,35.0684700012207,30.881958007812493,"c(35.0684700012207, 30.8819580078125)",187.59451448166493,4874955
A01w,2372201072,2024-04-23T16:22:01Z,2024-04-23,0,1265772803,225172,35.0685615539551,30.88189315795901,"c(35.0685615539551, 30.881893157959)",196.75798541113943,4874955
A01w,2372201072,2024-04-24T09:02:25Z,2024-04-24,0,1265772803,225172,35.0665321350098,30.881992340087905,"c(35.0665321350098, 30.8819923400879)",4.484813956361434,4874955
A01w,2372201072,2024-04-24T09:32:47Z,2024-04-24,0,1265772803,225172,35.0666084289551,30.882020950317404,"c(35.0666084289551, 30.8820209503174)",9.445102698136068,4874955
A01w,2372201072,2024-04-24T09:41:59Z,2024-04-24,0,1265772803,225172,35.066505432128906,30.8819999694824,"c(35.0665054321289, 30.8819999694824)",3.1384725338622275,4874955
A01w,2372201072,2024-04-24T09:52:47Z,2024-04-24,0,1265772803,225172,35.0665588378906,30.8820648193359,"c(35.0665588378906, 30.8820648193359)",6.203066175086813,4874955
A01w,2372201072,2024-04-24T10:32:13Z,2024-04-24,0,1265772803,225172,35.066577911377,30.88206481933589,"c(35.066577911377, 30.8820648193359)",7.6708681795818405,4874955
A01w,2372201072,2024-04-25T09:57:24Z,2024-04-25,0,1265772803,225172,35.0672836303711,30.880638122558594,"c(35.0672836303711, 30.8806381225586)",170.94341659907707,4874955
A01w,2372201072,2024-04-25T10:07:28Z,2024-04-25,0,1265772803,225172,35.066967010498,30.881196975707997,"c(35.066967010498, 30.881196975708)",101.98037399063695,4874955
A01w,2372201072,2024-04-25T10:17:49Z,2024-04-25,0,1265772803,225172,35.0668563842773,30.88207817077641,"c(35.0668563842773, 30.8820781707764)",33.58836293174931,4874955
A01w,2372201072,2024-04-25T10:27:23Z,2024-04-25,0,1265772803,225172,35.0665245056152,30.882095336914112,"c(35.0665245056152, 30.8820953369141)",7.593849885975683,4874955
A01w,2372201072,2024-04-25T10:37:23Z,2024-04-25,0,1265772803,225172,35.0664672851563,30.881986618042006,"c(35.0664672851563, 30.881986618042)",6.143119862665932,4874955
A01w,2372201072,2024-04-25T10:47:24Z,2024-04-25,0,1265772803,225172,35.066577911377,30.882022857666,"c(35.066577911377, 30.882022857666)",6.519306086792528,4874955
A01w,2372201072,2024-04-25T10:57:24Z,2024-04-25,0,1265772803,225172,35.0664863586426,30.8819770812988,"c(35.0664863586426, 30.8819770812988)",6.0815314762550585,4874955
A01w,2372201072,2024-04-25T11:07:23Z,2024-04-25,0,1265772803,225172,35.0664749145508,30.8819713592529,"c(35.0664749145508, 30.8819713592529)",7.12020774578969,4874955
A01w,2372201072,2024-04-25T11:17:23Z,2024-04-25,0,1265772803,225172,35.066333770752,30.8819007873535,"c(35.066333770752, 30.8819007873535)",21.976389766260372,4874955
A01w,2372201072,2024-04-25T11:27:24Z,2024-04-25,0,1265772803,225172,35.0664443969727,30.8819713592529,"c(35.0664443969727, 30.8819713592529)",8.876812229158558,4874955
A01w,2372201072,2024-04-25T11:37:23Z,2024-04-25,0,1265772803,225172,35.0664215087891,30.8821411132813,"c(35.0664215087891, 30.8821411132813)",15.129548526389762,4874955
A01w,2372201072,2024-04-25T11:47:25Z,2024-04-25,0,1265772803,225172,35.0664100646973,30.881990432739297,"c(35.0664100646973, 30.8819904327393)",10.42504303289627,4874955
A01w,2372201072,2024-04-25T11:57:23Z,2024-04-25,0.277777777777778,1265772803,225172,35.0663185119629,30.881855010986303,"c(35.0663185119629, 30.8818550109863)",26.518181403134694,4874955
A01w,2372201072,2024-04-25T12:07:50Z,2024-04-25,0.277777777777778,1265772803,225172,35.0665855407715,30.882118225097706,"c(35.0665855407715, 30.8821182250977)",12.339440236001606,4874955
A01w,2372201072,2024-04-25T12:17:22Z,2024-04-25,0,1265772803,225172,35.0665168762207,30.882017135620092,"c(35.0665168762207, 30.8820171356201)",1.3723949304568333,4874955
A01w,2372201072,2024-04-25T12:27:23Z,2024-04-25,0,1265772803,225172,35.066535949707,30.882009506225607,"c(35.066535949707, 30.8820095062256)",3.2191253524405075,4874955
A01w,2372201072,2024-04-25T12:37:23Z,2024-04-25,0,1265772803,225172,35.0665130615234,30.882017135620092,"c(35.0665130615234, 30.8820171356201)",1.2396717780402293,4874955
A01w,2372201072,2024-04-25T12:47:22Z,2024-04-25,0,1265772803,225172,35.0667724609375,30.881984710693395,"c(35.0667724609375, 30.8819847106934)",25.553810240482964,4874955
A01w,2372201072,2024-04-26T09:09:55Z,2024-04-26,0,1265772803,225172,35.0664939880371,30.881990432739293,"c(35.0664939880371, 30.8819904327393)",4.437854365894794,4874955
A01w,2372201072,2024-04-26T09:19:54Z,2024-04-26,0,1265772803,225172,35.066577911377,30.882070541381804,"c(35.066577911377, 30.8820705413818)",8.026506420503132,4874955
A01w,2372201072,2024-04-26T09:29:55Z,2024-04-26,0,1265772803,225172,35.0666313171387,30.882106781005895,"c(35.0666313171387, 30.8821067810059)",14.522187177693134,4874955
A01w,2372201072,2024-04-26T09:39:54Z,2024-04-26,0,1265772803,225172,35.0665473937988,30.882017135620096,"c(35.0665473937988, 30.8820171356201)",3.7733897906125717,4874955
A01w,2372201072,2024-04-26T09:50:19Z,2024-04-26,0,1265772803,225172,35.0666313171387,30.882120132446303,"c(35.0666313171387, 30.8821201324463)",15.457915394535382,4874955
A01w,2372201072,2024-04-26T09:59:54Z,2024-04-26,0,1265772803,225172,35.0665855407715,30.8820571899414,"c(35.0665855407715, 30.8820571899414)",7.915793775167288,4874955
A01w,2372201072,2024-04-26T10:09:54Z,2024-04-26,0,1265772803,225172,35.0665550231934,30.882114410400398,"c(35.0665550231934, 30.8821144104004)",10.503853090093497,4874955
A01w,2372201072,2024-04-26T10:19:54Z,2024-04-26,0,1265772803,225172,35.0666084289551,30.88209342956539,"c(35.0666084289551, 30.8820934295654)",11.883944536754212,4874955
A01w,2372201072,2024-04-26T10:29:54Z,2024-04-26,0,1265772803,225172,35.06657409667971,30.882089614868192,"c(35.0665740966797, 30.8820896148682)",9.17836477604823,4874955
A01w,2372201072,2024-04-26T10:39:54Z,2024-04-26,0,1265772803,225172,35.0665168762207,30.882030487060597,"c(35.0665168762207, 30.8820304870606)",0.7130487924785974,4874955
A01w,2372201072,2024-04-26T10:49:54Z,2024-04-26,0,1265772803,225172,35.0666351318359,30.882093429565405,"c(35.0666351318359, 30.8820934295654)",13.9936085676786,4874955
A01w,2372201072,2024-04-26T10:59:54Z,2024-04-26,0,1265772803,225172,35.0665016174316,30.881982803344698,"c(35.0665016174316, 30.8819828033447)",5.074955586965133,4874955
A01w,2372201072,2024-04-26T11:09:54Z,2024-04-26,0,1265772803,225172,35.0665321350098,30.882009506225607,"c(35.0665321350098, 30.8820095062256)",2.9470859376053653,4874955
A01w,2372201072,2024-04-26T11:19:54Z,2024-04-26,0,1265772803,225172,35.06652832031251,30.882040023803693,"c(35.0665283203125, 30.8820400238037)",2.201516158025359,4874955
A01w,2372201072,2024-04-26T11:29:55Z,2024-04-26,0.277777777777778,1265772803,225172,35.0666465759277,30.88204574584959,"c(35.0666465759277, 30.8820457458496)",13.208053644522268,4874955
A01w,2372201072,2024-04-26T11:39:55Z,2024-04-26,0,1265772803,225172,35.0666007995606,30.882091522216793,"c(35.0666007995606, 30.8820915222168)",11.18042301271909,4874955
A01w,2372201072,2024-04-26T11:49:55Z,2024-04-26,0,1265772803,225172,35.0650520324707,30.881175994873004,"c(35.0650520324707, 30.881175994873)",168.41448854094352,4874955
A01w,2372201072,2024-04-26T11:59:55Z,2024-04-26,0,1265772803,225172,35.0650444030762,30.881111145019492,"c(35.0650444030762, 30.8811111450195)",173.14050452148345,4874955
A01w,2372201072,2024-04-26T12:09:55Z,2024-04-26,0,1265772803,225172,35.0651092529297,30.881128311157195,"c(35.0651092529297, 30.8811283111572)",167.01610005195334,4874955
A01w,2372201072,2024-04-26T12:19:55Z,2024-04-26,0,1265772803,225172,35.0650444030762,30.881116867065405,"c(35.0650444030762, 30.8811168670654)",172.768759845803,4874955
A01w,2372201072,2024-04-26T12:30:19Z,2024-04-26,0,1265772803,225172,35.0649948120117,30.8811149597168,"c(35.0649948120117, 30.8811149597168)",176.75871649668292,4874955
A01w,2372201072,2024-04-26T12:39:54Z,2024-04-26,0,1265772803,225172,35.064998626709,30.88115501403809,"c(35.064998626709, 30.8811550140381)",173.94997190969937,4874955
A01w,2372201072,2024-04-26T12:49:54Z,2024-04-26,0,1265772803,225172,35.0649337768555,30.881135940551797,"c(35.0649337768555, 30.8811359405518)",180.2875035254071,4874955
A01w,2372201072,2024-04-26T12:59:54Z,2024-04-26,0,1265772803,225172,35.0649375915527,30.8811378479004,"c(35.0649375915527, 30.8811378479004)",179.86648364443332,4874955
A01w,2372201072,2024-04-26T13:09:54Z,2024-04-26,0,1265772803,225172,35.0650062561035,30.881067276000994,"c(35.0650062561035, 30.881067276001)",178.95840086682597,4874955
A01w,2372201072,2024-04-26T13:19:54Z,2024-04-26,0,1265772803,225172,35.0659866333008,30.8823184967041,"c(35.0659866333008, 30.8823184967041)",59.51768499064127,4874955
A01w,2372201072,2024-04-26T13:30:05Z,2024-04-26,0,1265772803,225172,35.0665893554688,30.882123947143604,"c(35.0665893554688, 30.8821239471436)",13.06757737640364,4874955
A01w,2372201072,2024-04-26T13:39:54Z,2024-04-26,0,1265772803,225172,35.0655250549316,30.881706237793004,"c(35.0655250549316, 30.881706237793)",100.71988543121621,4874955
A01w,2372201072,2024-04-26T13:49:55Z,2024-04-26,0,1265772803,225172,35.0655632019043,30.8822135925293,"c(35.0655632019043, 30.8822135925293)",92.85061306713675,4874955
A01w,2372201072,2024-04-26T14:00:13Z,2024-04-26,0,1265772803,225172,35.0652389526367,30.881187438964794,"c(35.0652389526367, 30.8811874389648)",153.16771046788514,4874955
A05w,1264171631,2024-04-22T10:20:48Z,2024-04-22,0,1265759060,202368,35.0663375854492,30.882059097289993,"c(35.0663375854492, 30.88205909729)",16.844561139377788,4874955
A05w,1264171631,2024-04-22T10:30:48Z,2024-04-22,0,1265759060,202368,35.0662879943848,30.8821105957031,"c(35.0662879943848, 30.8821105957031)",23.12123048384411,4874955
A05w,1264171631,2024-04-22T10:40:49Z,2024-04-22,0,1265759060,202368,35.0662994384766,30.882122039794904,"c(35.0662994384766, 30.8821220397949)",22.675343298821375,4874955
A05w,1264171631,2024-04-22T10:50:48Z,2024-04-22,0,1265759060,202368,35.0663032531738,30.8821487426758,"c(35.0663032531738, 30.8821487426758)",23.87720059406214,4874955
A05w,1264171631,2024-04-22T11:00:49Z,2024-04-22,0,1265759060,202368,35.0662689208984,30.8821048736572,"c(35.0662689208984, 30.8821048736572)",24.57941864642805,4874955
A05w,1264171631,2024-04-22T11:10:48Z,2024-04-22,0,1265759060,202368,35.0663795471191,30.8821258544922,"c(35.0663795471191, 30.8821258544922)",16.533180520219585,4874955
A05w,1264171631,2024-04-22T11:20:49Z,2024-04-22,0,1265759060,202368,35.0664520263672,30.882408142089805,"c(35.0664520263672, 30.8824081420898)",42.51185617446515,4874955
A05w,1264171631,2024-04-22T11:31:10Z,2024-04-22,0,1265759060,202368,35.0664367675781,30.88212203979491,"c(35.0664367675781, 30.8821220397949)",12.5603561293845,4874955
A05w,1264171631,2024-04-22T11:40:49Z,2024-04-22,0,1265759060,202368,35.0666732788086,30.8821544647217,"c(35.0666732788086, 30.8821544647217)",20.98618913609294,4874955
A05w,1264171631,2024-04-22T11:50:48Z,2024-04-22,0,1265759060,202368,35.0667304992676,30.8821125030518,"c(35.0667304992676, 30.8821125030518)",23.074094275359425,4874955
A05w,1264171631,2024-04-22T12:00:48Z,2024-04-22,0,1265759060,202368,35.0666923522949,30.882085800170895,"c(35.0666923522949, 30.8820858001709)",18.578572154026176,4874955
A05w,1264171631,2024-04-22T12:10:48Z,2024-04-22,0,1265759060,202368,35.0666084289551,30.88212394714361,"c(35.0666084289551, 30.8821239471436)",14.204643953373747,4874955
A05w,1264171631,2024-04-22T12:20:56Z,2024-04-22,0,1265759060,202368,35.066650390625,30.88210105896001,"c(35.066650390625, 30.88210105896)",15.679975384063416,4874955
A05w,1264171631,2024-04-22T12:30:58Z,2024-04-22,0,1265759060,202368,35.0665550231934,30.8820343017578,"c(35.0665550231934, 30.8820343017578)",4.3618681084132485,4874955
A05w,1264171631,2024-04-22T12:40:48Z,2024-04-22,0,1265759060,202368,35.0666351318359,30.882081985473594,"c(35.0666351318359, 30.8820819854736)",13.379862379542379,4874955
A05w,1264171631,2024-04-22T12:50:48Z,2024-04-22,0,1265759060,202368,35.0666046142578,30.882072448730504,"c(35.0666046142578, 30.8820724487305)",10.303052594755078,4874955
A05w,1264171631,2024-04-22T13:00:50Z,2024-04-22,0.277777777777778,1265759060,202368,35.066505432128906,30.882032394409208,"c(35.0665054321289, 30.8820323944092)",0.6543803535434713,4874955
A05w,1264171631,2024-04-22T13:10:48Z,2024-04-22,0.277777777777778,1265759060,202368,35.0667610168457,30.8819789886475,"c(35.0667610168457, 30.8819789886475)",24.6120195142233,4874955
A05w,1264171631,2024-04-22T13:20:48Z,2024-04-22,0,1265759060,202368,35.0667724609375,30.881998062133803,"c(35.0667724609375, 30.8819980621338)",25.317539979288263,4874955
A05w,1264171631,2024-04-23T06:53:19Z,2024-04-23,0,1265759060,202368,35.0668182373047,30.8820667266846,"c(35.0668182373047, 30.8820667266846)",29.7876546412766,4874955
A05w,1264171631,2024-04-23T07:02:54Z,2024-04-23,0,1265759060,202368,35.0666618347168,30.882061004638693,"c(35.0666618347168, 30.8820610046387)",14.973907836072463,4874955
A05w,1264171631,2024-04-23T07:13:16Z,2024-04-23,0,1265759060,202368,35.0666427612305,30.88202095031741,"c(35.0666427612305, 30.8820209503174)",12.719918685791127,4874955
A05w,1264171631,2024-04-23T07:22:55Z,2024-04-23,0.277777777777778,1265759060,202368,35.0665893554688,30.882036209106392,"c(35.0665893554688, 30.8820362091064)",7.643106905784293,4874955
A05w,1264171631,2024-04-23T07:32:55Z,2024-04-23,0,1265759060,202368,35.0667037963867,30.882099151611303,"c(35.0667037963867, 30.8820991516113)",20.141879036245776,4874955
A05w,1264171631,2024-04-23T07:42:58Z,2024-04-23,0,1265759060,202368,35.0667190551758,30.8824634552002,"c(35.0667190551758, 30.8824634552002)",52.25703148223774,4874955
A05w,1264171631,2024-04-23T07:53:05Z,2024-04-23,0,1265759060,202368,35.0666160583496,30.881969451904308,"c(35.0666160583496, 30.8819694519043)",12.041894562433605,4874955
A05w,1264171631,2024-04-23T08:03:19Z,2024-04-23,0,1265759060,202368,35.0665969848633,30.881999969482408,"c(35.0665969848633, 30.8819999694824)",8.879950917497357,4874955
A05w,1264171631,2024-04-23T08:12:54Z,2024-04-23,0,1265759060,202368,35.0665702819824,30.8820018768311,"c(35.0665702819824, 30.8820018768311)",6.451474427463309,4874955
A05w,1264171631,2024-04-23T08:22:54Z,2024-04-23,0,1265759060,202368,35.066535949707,30.881864547729496,"c(35.066535949707, 30.8818645477295)",18.2921185988645,4874955
A05w,1264171631,2024-04-23T08:32:54Z,2024-04-23,0,1265759060,202368,35.0665626525879,30.88199424743649,"c(35.0665626525879, 30.8819942474365)",6.273587611480297,4874955
A05w,1264171631,2024-04-23T08:42:54Z,2024-04-23,0,1265759060,202368,35.0665893554688,30.8820323944092,"c(35.0665893554688, 30.8820323944092)",7.604342633568749,4874955
A05w,1264171631,2024-04-23T08:52:54Z,2024-04-23,0,1265759060,202368,35.0664825439453,30.881946563720707,"c(35.0664825439453, 30.8819465637207)",9.40336507875053,4874955
A05w,1264171631,2024-04-23T09:02:55Z,2024-04-23,0,1265759060,202368,35.066593170166,30.881887435913104,"c(35.066593170166, 30.8818874359131)",17.497384703139616,4874955
A05w,1264171631,2024-04-23T09:13:28Z,2024-04-23,0,1265759060,202368,35.066822052002,30.881967544555696,"c(35.066822052002, 30.8819675445557)",30.58493533793334,4874955
A05w,1264171631,2024-04-23T09:22:54Z,2024-04-23,0.277777777777778,1265759060,202368,35.066848754882805,30.882041931152298,"c(35.0668487548828, 30.8820419311523)",32.43173620969099,4874955
A05w,1264171631,2024-04-23T09:32:54Z,2024-04-23,0,1265759060,202368,35.0667915344238,30.881975173950206,"c(35.0667915344238, 30.8819751739502)",27.552737386729802,4874955
A05w,1264171631,2024-04-23T09:42:55Z,2024-04-23,0,1265759060,202368,35.0667953491211,30.88200378417971,"c(35.0667953491211, 30.8820037841797)",27.419549677979024,4874955
A05w,1264171631,2024-04-23T09:52:54Z,2024-04-23,0,1265759060,202368,35.0668144226074,30.88199424743649,"c(35.0668144226074, 30.8819942474365)",29.351321318708006,4874955
A05w,1264171631,2024-04-24T09:40:06Z,2024-04-24,0,1265759060,202368,35.066577911377,30.882127761840795,"c(35.066577911377, 30.8821277618408)",12.826817871941364,4874955
A22w,1735951127,2024-04-22T09:33:54Z,2024-04-22,1.38888888888889,1768055613,213570,35.0664138793945,30.881994247436495,"c(35.0664138793945, 30.8819942474365)",9.924585655494276,4874955
A22w,1735951127,2024-04-22T09:43:54Z,2024-04-22,0,1768055613,213570,35.0664367675781,30.882101058960004,"c(35.0664367675781, 30.88210105896)",10.708072266032982,4874955
A22w,1735951127,2024-04-22T09:53:55Z,2024-04-22,0,1768055613,213570,35.0663833618164,30.8821105957031,"c(35.0663833618164, 30.8821105957031)",15.18313462973924,4874955
A22w,1735951127,2024-04-22T10:04:20Z,2024-04-22,0,1768055613,213570,35.0663757324219,30.882026672363295,"c(35.0663757324219, 30.8820266723633)",12.840773565088439,4874955
A22w,1735951127,2024-04-22T10:13:54Z,2024-04-22,0,1768055613,213570,35.0663452148438,30.8820972442627,"c(35.0663452148438, 30.8820972442627)",17.52908980022648,4874955
A22w,1735951127,2024-04-22T10:23:54Z,2024-04-22,0,1768055613,213570,35.0665016174316,30.8820247650147,"c(35.0665016174316, 30.8820247650147)",0.878207751853345,4874955
A22w,1735951127,2024-04-22T10:33:54Z,2024-04-22,0,1768055613,213570,35.0664901733398,30.881988525390604,"c(35.0664901733398, 30.8819885253906)",4.769830720712334,4874955
A22w,1735951127,2024-04-22T10:43:54Z,2024-04-22,0,1768055613,213570,35.0664443969727,30.882005691528292,"c(35.0664443969727, 30.8820056915283)",6.743584279445387,4874955
A22w,1735951127,2024-04-22T10:53:54Z,2024-04-22,0,1768055613,213570,35.0663986206055,30.881948471069293,"c(35.0663986206055, 30.8819484710693)",13.827585739622359,4874955
A22w,1735951127,2024-04-22T11:03:54Z,2024-04-22,0,1768055613,213570,35.0665550231934,30.882078170776396,"c(35.0665550231934, 30.8820781707764)",7.034341488930747,4874955
A22w,1735951127,2024-04-22T11:13:54Z,2024-04-22,0,1768055613,213570,35.0664939880371,30.882127761840803,"c(35.0664939880371, 30.8821277618408)",11.166720590813778,4874955
A22w,1735951127,2024-04-22T11:23:54Z,2024-04-22,0,1768055613,213570,35.0664367675781,30.8820743560791,"c(35.0664367675781, 30.8820743560791)",8.686883274285849,4874955
A22w,1735951127,2024-04-22T11:33:54Z,2024-04-22,0,1768055613,213570,35.0666084289551,30.882087707519492,"c(35.0666084289551, 30.8820877075195)",11.507625232212394,4874955
A22w,1735951127,2024-04-22T11:43:54Z,2024-04-22,0.277777777777778,1768055613,213570,35.0666275024414,30.882146835327198,"c(35.0666275024414, 30.8821468353272)",17.316787038331153,4874955
A22w,1735951127,2024-04-22T11:53:54Z,2024-04-22,0.277777777777778,1768055613,213570,35.066707611084,30.8822002410889,"c(35.066707611084, 30.8822002410889)",26.86682418915353,4874955
A22w,1735951127,2024-04-22T12:03:54Z,2024-04-22,0,1768055613,213570,35.0667572021484,30.882116317749,"c(35.0667572021484, 30.882116317749)",25.587689980951072,4874955
A22w,1735951127,2024-04-23T08:13:42Z,2024-04-23,0.277777777777778,1768055613,213570,35.0668716430664,30.8819999694824,"c(35.0668716430664, 30.8819999694824)",34.72309188217636,4874955
A22w,1735951127,2024-04-23T08:24:10Z,2024-04-23,0,1768055613,213570,35.0666007995606,30.882055282592802,"c(35.0666007995606, 30.8820552825928)",9.194942781307086,4874955
A22w,1735951127,2024-04-23T08:33:41Z,2024-04-23,0,1768055613,213570,35.0666084289551,30.882047653198196,"c(35.0666084289551, 30.8820476531982)",9.66164326006298,4874955
A22w,1735951127,2024-04-23T08:43:41Z,2024-04-23,0,1768055613,213570,35.0665969848633,30.8820381164551,"c(35.0665969848633, 30.8820381164551)",8.39359658705258,4874955
A22w,1735951127,2024-04-23T08:53:42Z,2024-04-23,0,1768055613,213570,35.0667839050293,30.882017135620085,"c(35.0667839050293, 30.8820171356201)",26.22106573403163,4874955
A22w,1735951127,2024-04-23T09:03:41Z,2024-04-23,0,1768055613,213570,35.0667610168457,30.881961822509805,"c(35.0667610168457, 30.8819618225098)",25.10100217130396,4874955
A22w,1735951127,2024-04-23T09:13:41Z,2024-04-23,0,1768055613,213570,35.0667457580566,30.8819847106934,"c(35.0667457580566, 30.8819847106934)",23.050668819038847,4874955
A22w,1735951127,2024-04-23T09:23:41Z,2024-04-23,0,1768055613,213570,35.066837310791,30.8820362091064,"c(35.066837310791, 30.8820362091064)",31.313772011188508,4874955
A22w,1735951127,2024-04-23T09:33:41Z,2024-04-23,0,1768055613,213570,35.066764831543,30.881982803344698,"c(35.066764831543, 30.8819828033447)",24.879312324799724,4874955
A22w,1735951127,2024-04-23T09:43:41Z,2024-04-23,0,1768055613,213570,35.0667762756348,30.881999969482393,"c(35.0667762756348, 30.8819999694824)",25.652752977614178,4874955
A22w,1735951127,2024-04-23T09:53:41Z,2024-04-23,0,1768055613,213570,35.0667686462402,30.8819847106934,"c(35.0667686462402, 30.8819847106934)",25.19559881742786,4874955
A22w,1735951127,2024-04-24T09:01:23Z,2024-04-24,0,1768055613,213570,35.06657409667971,30.882053375244094,"c(35.0665740966797, 30.8820533752441)",6.744404003513632,4874955
A22w,1735951127,2024-04-24T09:40:43Z,2024-04-24,0,1768055613,213570,35.0665435791016,30.8820743560791,"c(35.0665435791016, 30.8820743560791)",6.060445845906503,4874955
A22w,1735951127,2024-04-24T10:11:20Z,2024-04-24,0.277777777777778,1768055613,213570,35.0664825439453,30.881942749023402,"c(35.0664825439453, 30.8819427490234)",9.810213787956572,4874955
A29w,1732335742,2024-04-23T13:23:12Z,2024-04-23,0,1768016639,213584,35.0665245056152,30.882024765014698,"c(35.0665245056152, 30.8820247650147)",1.4327863422680784,4874955
A29w,1732335742,2024-04-23T13:33:04Z,2024-04-23,0,1768016639,213584,35.0666275024414,30.8821392059326,"c(35.0666275024414, 30.8821392059326)",16.682174387233545,4874955
A29w,1732335742,2024-04-23T13:43:05Z,2024-04-23,0,1768016639,213584,35.0666656494141,30.881994247436495,"c(35.0666656494141, 30.8819942474365)",15.347917444842206,4874955
A29w,1732335742,2024-04-23T13:53:19Z,2024-04-23,0,1768016639,213584,35.0665702819824,30.882102966308597,"c(35.0665702819824, 30.8821029663086)",10.115405513642251,4874955
A29w,1732335742,2024-04-23T14:03:04Z,2024-04-23,0,1768016639,213584,35.0666046142578,30.882080078125,"c(35.0666046142578, 30.882080078125)",10.733424254670581,4874955
A29w,1732335742,2024-04-23T14:13:04Z,2024-04-23,0,1768016639,213584,35.0665893554688,30.882137298583995,"c(35.0665893554688, 30.882137298584)",14.298601969089823,4874955
A29w,1732335742,2024-04-23T14:23:15Z,2024-04-23,0,1768016639,213584,35.0667953491211,30.882013320922898,"c(35.0667953491211, 30.8820133209229)",27.336268230933435,4874955
A29w,1732335742,2024-04-23T14:33:04Z,2024-04-23,0,1768016639,213584,35.066764831543,30.882009506225607,"c(35.066764831543, 30.8820095062256)",24.455512366042978,4874955
A29w,1732335742,2024-04-23T14:43:04Z,2024-04-23,0,1768016639,213584,35.0666313171387,30.881967544555696,"c(35.0666313171387, 30.8819675445557)",13.398729716692852,4874955
A29w,1732335742,2024-04-23T14:53:20Z,2024-04-23,0,1768016639,213584,35.0666847229004,30.8820343017578,"c(35.0666847229004, 30.8820343017578)",16.723252045393686,4874955
A29w,1732335742,2024-04-23T15:03:05Z,2024-04-23,0,1768016639,213584,35.0666351318359,30.881177902221697,"c(35.0666351318359, 30.8811779022217)",95.01239449257766,4874955
A29w,1732335742,2024-04-23T15:13:04Z,2024-04-23,0,1768016639,213584,35.0666809082031,30.8812007904053,"c(35.0666809082031, 30.8812007904053)",93.16291434313007,4874955
A29w,1732335742,2024-04-23T15:23:07Z,2024-04-23,0,1768016639,213584,35.0666389465332,30.881210327148388,"c(35.0666389465332, 30.8812103271484)",91.49543260293646,4874955
A29w,1732335742,2024-04-23T15:33:06Z,2024-04-23,0,1768016639,213584,35.0666885375977,30.8812026977539,"c(35.0666885375977, 30.8812026977539)",93.08577529729057,4874955
A29w,1732335742,2024-04-23T15:43:12Z,2024-04-23,0,1768016639,213584,35.0666389465332,30.881263732910202,"c(35.0666389465332, 30.8812637329102)",85.63173390803631,4874955
A29w,1732335742,2024-04-24T09:02:59Z,2024-04-24,0.277777777777778,1768016639,213584,35.0665626525879,30.8817939758301,"c(35.0665626525879, 30.8817939758301)",26.431790306722526,4874955
A31w,1732333061,2024-04-23T10:51:16Z,2024-04-23,0,1736104196,213572,35.0666198730469,30.8820018768311,"c(35.0666198730469, 30.8820018768311)",10.899012766702329,4874955
A31w,1732333061,2024-04-23T11:01:16Z,2024-04-23,0,1736104196,213572,35.0666198730469,30.882015228271484,"c(35.0666198730469, 30.8820152282715)",10.602092559153842,4874955
A31w,1732333061,2024-04-23T11:11:16Z,2024-04-23,0,1736104196,213572,35.0666694641113,30.882053375244094,"c(35.0666694641113, 30.8820533752441)",15.506832754781191,4874955
A31w,1732333061,2024-04-23T11:21:16Z,2024-04-23,0,1736104196,213572,35.0666770935059,30.882049560546896,"c(35.0666770935059, 30.8820495605469)",16.156884180716876,4874955
A31w,1732333061,2024-04-23T11:31:16Z,2024-04-23,0,1736104196,213572,35.0666732788086,30.88202667236331,"c(35.0666732788086, 30.8820266723633)",15.614951697761565,4874955
A31w,1732333061,2024-04-24T06:52:07Z,2024-04-24,1.11111111111111,1736104196,213572,35.0668792724609,30.8821868896484,"c(35.0668792724609, 30.8821868896484)",39.46379432334651,4874955
A32w,1732336073,2024-04-24T09:13:59Z,2024-04-24,0,1735959698,213585,35.06657409667971,30.882038116455092,"c(35.0665740966797, 30.8820381164551)",6.231313677091979,4874955
A39w,1732332858,2024-04-24T09:42:54Z,2024-04-24,0,1738022345,213576,35.06657409667971,30.88204765319819,"c(35.0665740966797, 30.8820476531982)",6.5053427904709595,4874955
A39w,1732332858,2024-04-24T10:22:55Z,2024-04-24,0,1738022345,213576,35.0665702819824,30.8820533752441,"c(35.0665702819824, 30.8820533752441)",6.4146701456227895,4874955
A39w,1732332858,2024-04-24T10:53:07Z,2024-04-24,0,1738022345,213576,35.066349029541,30.881944656372095,"c(35.066349029541, 30.8819446563721)",17.954208665706975,4874955
A56w,2372200486,2024-04-22T10:06:00Z,2024-04-22,0,1736101420,225181,35.0664901733398,30.882135391235394,"c(35.0664901733398, 30.8821353912354)",12.05716907456489,4874955
A56w,2372200486,2024-04-22T10:15:59Z,2024-04-22,0,1736101420,225181,35.0663070678711,30.882253646850597,"c(35.0663070678711, 30.8822536468506)",31.66306016830454,4874955
A56w,2372200486,2024-04-22T10:25:59Z,2024-04-22,0,1736101420,225181,35.0663070678711,30.882179260253896,"c(35.0663070678711, 30.8821792602539)",25.649099589715952,4874955
A56w,2372200486,2024-04-22T10:35:59Z,2024-04-22,0,1736101420,225181,35.0662879943848,30.88220596313481,"c(35.0662879943848, 30.8822059631348)",28.983997748767177,4874955
A56w,2372200486,2024-04-22T10:45:59Z,2024-04-22,0,1736101420,225181,35.0662612915039,30.882247924804705,"c(35.0662612915039, 30.8822479248047)",34.06278196088091,4874955
A56w,2372200486,2024-04-22T10:56:02Z,2024-04-22,0.277777777777778,1736101420,225181,35.0663032531738,30.882478713989308,"c(35.0663032531738, 30.8824787139893)",53.74245616141651,4874955
A56w,2372200486,2024-04-22T11:06:02Z,2024-04-22,0,1736101420,225181,35.0659332275391,30.882507324218793,"c(35.0659332275391, 30.8825073242188)",76.59429962053342,4874955
A56w,2372200486,2024-04-22T11:16:02Z,2024-04-22,0,1736101420,225181,35.0659217834473,30.882461547851605,"c(35.0659217834473, 30.8824615478516)",73.9924771053674,4874955
A56w,2372200486,2024-04-22T11:26:02Z,2024-04-22,0,1736101420,225181,35.066047668457,30.882518768310604,"c(35.066047668457, 30.8825187683106)",70.11197163267924,4874955
A56w,2372200486,2024-04-22T11:36:02Z,2024-04-22,0,1736101420,225181,35.0658950805664,30.882629394531296,"c(35.0658950805664, 30.8826293945313)",88.9056874400051,4874955
A56w,2372200486,2024-04-22T11:46:04Z,2024-04-22,0,1736101420,225181,35.0664100646973,30.882345199585,"c(35.0664100646973, 30.882345199585)",36.44527282396504,4874955
A56w,2372200486,2024-04-22T11:56:04Z,2024-04-22,0,1736101420,225181,35.066349029541,30.88233947753911,"c(35.066349029541, 30.8823394775391)",37.810872096262564,4874955
A56w,2372200486,2024-04-23T09:09:49Z,2024-04-23,0,1736101420,225181,35.0666160583496,30.881988525390604,"c(35.0666160583496, 30.8819885253906)",11.046387665502223,4874955
A56w,2372200486,2024-04-23T09:19:23Z,2024-04-23,0,1736101420,225181,35.06657409667971,30.88201522827149,"c(35.0665740966797, 30.8820152282715)",6.290978817580033,4874955
A56w,2372200486,2024-04-23T09:29:23Z,2024-04-23,0,1736101420,225181,35.0664749145508,30.881959915161104,"c(35.0664749145508, 30.8819599151611)",8.261045564579506,4874955
A56w,2372200486,2024-04-23T09:39:23Z,2024-04-23,0,1736101420,225181,35.0666122436523,30.8818531036377,"c(35.0666122436523, 30.8818531036377)",21.717391859469362,4874955
A56w,2372200486,2024-04-23T09:49:23Z,2024-04-23,0,1736101420,225181,35.0667572021484,30.881881713867205,"c(35.0667572021484, 30.8818817138672)",28.669134249526092,4874955
A56w,2372200486,2024-04-24T07:48:06Z,2024-04-24,0.555555555555556,1736101420,225181,35.0666160583496,30.882028579711893,"c(35.0666160583496, 30.8820285797119)",10.142501938073224,4874955
A73w,2372199447,2024-04-22T11:54:17Z,2024-04-22,0,1769707653,225178,35.0669059753418,30.882062911987298,"c(35.0669059753418, 30.8820629119873)",38.064224202259965,4874955
A73w,2372199447,2024-04-22T12:04:40Z,2024-04-22,0,1769707653,225178,35.0667381286621,30.881998062133803,"c(35.0667381286621, 30.8819980621338)",22.0669038701811,4874955
A73w,2372199447,2024-04-22T12:14:40Z,2024-04-22,0,1769707653,225178,35.0666847229004,30.882022857665994,"c(35.0666847229004, 30.882022857666)",16.718375340633127,4874955
A73w,2372199447,2024-04-22T12:24:10Z,2024-04-22,0,1769707653,225178,35.0666007995606,30.882080078125,"c(35.0666007995606, 30.882080078125)",10.427759749770816,4874955
A73w,2372199447,2024-04-22T12:34:11Z,2024-04-22,0,1769707653,225178,35.0666084289551,30.8821105957031,"c(35.0666084289551, 30.8821105957031)",13.132646669632306,4874955
A73w,2372199447,2024-04-22T12:44:10Z,2024-04-22,1.38888888888889,1769707653,225178,35.0666198730469,30.8820610046387,"c(35.0666198730469, 30.8820610046387)",11.1261181114265,4874955
A73w,2372199447,2024-04-22T12:54:12Z,2024-04-22,0,1769707653,225178,35.066593170166,30.88211631774899,"c(35.066593170166, 30.882116317749)",12.615413125364753,4874955
A73w,2372199447,2024-04-22T13:04:11Z,2024-04-22,0,1769707653,225178,35.0668792724609,30.88201141357419,"c(35.0668792724609, 30.8820114135742)",35.36117029134589,4874955
A73w,2372199447,2024-04-22T13:14:17Z,2024-04-22,0,1769707653,225178,35.0667533874512,30.881927490234393,"c(35.0667533874512, 30.8819274902344)",25.805401046125663,4874955
A73w,2372199447,2024-04-22T13:24:14Z,2024-04-22,0,1769707653,225178,35.0666542053223,30.8812522888184,"c(35.0666542053223, 30.8812522888184)",87.10664822970706,4874955
A73w,2372199447,2024-04-22T13:34:40Z,2024-04-22,0,1769707653,225178,35.0666847229004,30.8811950683594,"c(35.0666847229004, 30.8811950683594)",93.85184057627582,4874955
A73w,2372199447,2024-04-22T13:44:11Z,2024-04-22,0.277777777777778,1769707653,225178,35.0667304992676,30.881170272827188,"c(35.0667304992676, 30.8811702728272)",97.4113761497686,4874955
A73w,2372199447,2024-04-22T13:54:10Z,2024-04-22,0,1769707653,225178,35.0667343139648,30.881181716918903,"c(35.0667343139648, 30.8811817169189)",96.25361467339832,4874955
A73w,2372199447,2024-04-22T14:04:10Z,2024-04-22,0,1769707653,225178,35.0665664672852,30.8812961578369,"c(35.0665664672852, 30.8812961578369)",81.32354634698945,4874955
A73w,2372199447,2024-04-22T14:14:11Z,2024-04-22,0,1769707653,225178,35.0666847229004,30.8812007904053,"c(35.0666847229004, 30.8812007904053)",93.22760423411762,4874955
A73w,2372199447,2024-04-22T14:24:11Z,2024-04-22,0,1769707653,225178,35.0666694641113,30.881212234497102,"c(35.0666694641113, 30.8812122344971)",91.72570150794931,4874955
A73w,2372199447,2024-04-22T14:34:14Z,2024-04-22,0,1769707653,225178,35.0667304992676,30.8811149597168,"c(35.0667304992676, 30.8811149597168)",103.40740974142797,4874955
A73w,2372199447,2024-04-22T14:44:10Z,2024-04-22,0,1769707653,225178,35.0663871765137,30.881278991699205,"c(35.0663871765137, 30.8812789916992)",83.87387436806907,4874955
A73w,2372199447,2024-04-22T14:54:11Z,2024-04-22,0,1769707653,225178,35.0668792724609,30.88102722167969,"c(35.0668792724609, 30.8810272216797)",116.44645820295653,4874955
A73w,2372199447,2024-04-23T06:42:55Z,2024-04-23,0.833333333333333,1769707653,225178,35.0668830871582,30.8822917938232,"c(35.0668830871582, 30.8822917938232)",46.13459135106549,4874955
A73w,2372199447,2024-04-23T06:52:55Z,2024-04-23,0,1769707653,225178,35.0669097900391,30.8821430206299,"c(35.0669097900391, 30.8821430206299)",40.30262511374993,4874955
A73w,2372199447,2024-04-23T07:02:55Z,2024-04-23,0.277777777777778,1769707653,225178,35.0667686462402,30.8821201324463,"c(35.0667686462402, 30.8821201324463)",26.760649510009628,4874955
A73w,2372199447,2024-04-23T07:12:55Z,2024-04-23,0,1769707653,225178,35.0666580200195,30.88202667236331,"c(35.0666580200195, 30.8820266723633)",14.155834014373918,4874955
A73w,2372199447,2024-04-23T07:22:55Z,2024-04-23,0,1769707653,225178,35.0666809082031,30.882001876831094,"c(35.0666809082031, 30.8820018768311)",16.598523218988014,4874955
A73w,2372199447,2024-04-23T07:32:57Z,2024-04-23,0,1769707653,225178,35.0668525695801,30.881824493408192,"c(35.0668525695801, 30.8818244934082)",39.77864447843408,4874955
A73w,2372199447,2024-04-23T07:42:55Z,2024-04-23,0,1769707653,225178,35.0667953491211,30.881937026977496,"c(35.0667953491211, 30.8819370269775)",29.092371275263304,4874955
A73w,2372199447,2024-04-23T07:52:55Z,2024-04-23,0,1769707653,225178,35.0668601989746,30.881923675537102,"c(35.0668601989746, 30.8819236755371)",35.43070198778989,4874955
A73w,2372199447,2024-04-23T08:02:57Z,2024-04-23,0,1769707653,225178,35.0669937133789,30.881877899169893,"c(35.0669937133789, 30.8818778991699)",49.16007313354469,4874955
A73w,2372199447,2024-04-23T08:12:55Z,2024-04-23,0,1769707653,225178,35.0668983459473,30.881902694702205,"c(35.0668983459473, 30.8819026947022)",39.651073612327394,4874955
A73w,2372199447,2024-04-23T08:22:57Z,2024-04-23,0,1769707653,225178,35.0668525695801,30.881917953491197,"c(35.0668525695801, 30.8819179534912)",34.958253870176485,4874955
A73w,2372199447,2024-04-23T08:32:57Z,2024-04-23,0,1769707653,225178,35.06689453125,30.8821487426758,"c(35.06689453125, 30.8821487426758)",39.133629668303286,4874955
A73w,2372199447,2024-04-23T08:42:57Z,2024-04-23,0,1769707653,225178,35.0668182373047,30.882173538208004,"c(35.0668182373047, 30.882173538208)",33.60448092149111,4874955
A73w,2372199447,2024-04-23T08:52:55Z,2024-04-23,0,1769707653,225178,35.0668449401856,30.8822498321533,"c(35.0668449401856, 30.8822498321533)",40.384265381912805,4874955
A73w,2372199447,2024-04-23T09:02:55Z,2024-04-23,0,1769707653,225178,35.067008972168,30.8821773529053,"c(35.067008972168, 30.8821773529053)",50.508196488443865,4874955
A73w,2372199447,2024-04-23T09:12:55Z,2024-04-23,0,1769707653,225178,35.0669250488281,30.882165908813494,"c(35.0669250488281, 30.8821659088135)",42.53438201326988,4874955
A73w,2372199447,2024-04-23T09:22:55Z,2024-04-23,0,1769707653,225178,35.0670394897461,30.882123947143604,"c(35.0670394897461, 30.8821239471436)",51.74025120935751,4874955
A73w,2372199447,2024-04-23T09:32:55Z,2024-04-23,0,1769707653,225178,35.0669555664063,30.882049560546903,"c(35.0669555664063, 30.8820495605469)",42.67626236825753,4874955
A73w,2372199447,2024-04-23T09:42:55Z,2024-04-23,0,1769707653,225178,35.0669593811035,30.882141113281307,"c(35.0669593811035, 30.8821411132813)",44.766719636247224,4874955
A73w,2372199447,2024-04-23T09:52:57Z,2024-04-23,0,1769707653,225178,35.0668411254883,30.882114410400398,"c(35.0668411254883, 30.8821144104004)",33.08301825435908,4874955
A73w,2372199447,2024-04-23T10:02:55Z,2024-04-23,0,1769707653,225178,35.0669288635254,30.882095336914116,"c(35.0669288635254, 30.8820953369141)",40.745534526945164,4874955
A73w,2372199447,2024-04-23T10:12:55Z,2024-04-23,0,1769707653,225178,35.0668449401856,30.882143020629893,"c(35.0668449401856, 30.8821430206299)",34.47563684232665,4874955
A73w,2372199447,2024-04-23T10:22:55Z,2024-04-23,0,1769707653,225178,35.0668754577637,30.8821315765381,"c(35.0668754577637, 30.8821315765381)",36.78701267727108,4874955
A73w,2372199447,2024-04-23T10:32:55Z,2024-04-23,0,1769707653,225178,35.0669860839844,30.8821754455566,"c(35.0669860839844, 30.8821754455566)",48.37383348342424,4874955
A73w,2372199447,2024-04-23T10:42:55Z,2024-04-23,0,1769707653,225178,35.0669555664063,30.88222503662111,"c(35.0669555664063, 30.8822250366211)",47.883449550742704,4874955
A73w,2372199447,2024-04-23T10:52:55Z,2024-04-23,0,1769707653,225178,35.0669403076172,30.8820571899414,"c(35.0669403076172, 30.8820571899414)",41.27714332166307,4874955
A75w,1732333178,2024-04-25T10:36:46Z,2024-04-25,0,1735976083,213565,35.0665817260742,30.8820304870606,"c(35.0665817260742, 30.8820304870606)",6.864663485325571,4874955
A75w,1732333178,2024-04-25T10:46:45Z,2024-04-25,0.555555555555556,1735976083,213565,35.06655120849611,30.881982803344705,"c(35.0665512084961, 30.8819828033447)",6.375112066219873,4874955
A78w,1264175085,2024-04-22T09:43:57Z,2024-04-22,0,1277954343,202374,35.066463470459,30.882072448730504,"c(35.066463470459, 30.8820724487305)",6.639818154588157,4874955
A78w,1264175085,2024-04-22T09:53:51Z,2024-04-22,0,1277954343,202374,35.0663032531738,30.882059097289993,"c(35.0663032531738, 30.88205909729)",20.069473886058073,4874955
A78w,1264175085,2024-04-22T10:04:10Z,2024-04-22,0,1277954343,202374,35.0663185119629,30.882091522216797,"c(35.0663185119629, 30.8820915222168)",19.6196470804625,4874955
A78w,1264175085,2024-04-22T10:13:51Z,2024-04-22,0,1277954343,202374,35.0663108825684,30.8820858001709,"c(35.0663108825684, 30.8820858001709)",20.09101808680688,4874955
A78w,1264175085,2024-04-22T10:23:51Z,2024-04-22,0,1277954343,202374,35.0663452148438,30.882129669189503,"c(35.0663452148438, 30.8821296691895)",19.375195735814497,4874955
A78w,1264175085,2024-04-22T10:33:51Z,2024-04-22,0,1277954343,202374,35.066349029541,30.882116317749,"c(35.066349029541, 30.882116317749)",18.244183930447836,4874955
A78w,1264175085,2024-04-22T10:43:52Z,2024-04-22,0,1277954343,202374,35.0663261413574,30.8821105957031,"c(35.0663261413574, 30.8821105957031)",19.824335426340244,4874955
A78w,1264175085,2024-04-22T10:53:52Z,2024-04-22,0,1277954343,202374,35.0663070678711,30.88205528259281,"c(35.0663070678711, 30.8820552825928)",19.640626470040218,4874955
A78w,1264175085,2024-04-22T11:03:52Z,2024-04-22,1.11111111111111,1277954343,202374,35.0663146972656,30.882019042968796,"c(35.0663146972656, 30.8820190429688)",18.703072281793037,4874955
A78w,1264175085,2024-04-22T11:13:52Z,2024-04-22,0,1277954343,202374,35.066535949707,30.881988525390604,"c(35.066535949707, 30.8819885253906)",5.031355906502342,4874955
A78w,1264175085,2024-04-22T11:23:52Z,2024-04-22,0,1277954343,202374,35.0664520263672,30.882007598877,"c(35.0664520263672, 30.882007598877)",5.987690299699544,4874955
A78w,1264175085,2024-04-22T11:33:53Z,2024-04-22,0,1277954343,202374,35.0659446716309,30.881864547729503,"c(35.0659446716309, 30.8818645477295)",57.01885467032053,4874955
A78w,1264175085,2024-04-22T11:43:54Z,2024-04-22,0,1277954343,202374,35.0664253234863,30.882019042968796,"c(35.0664253234863, 30.8820190429688)",8.158239190600751,4874955
A78w,1264175085,2024-04-22T11:53:53Z,2024-04-22,0,1277954343,202374,35.0665397644043,30.882387161254897,"c(35.0665397644043, 30.8823871612549)",39.92412387681904,4874955
A78w,1264175085,2024-04-22T12:04:19Z,2024-04-22,0.277777777777778,1277954343,202374,35.0671997070313,30.882007598877,"c(35.0671997070313, 30.882007598877)",65.9950751852828,4874955
A78w,1264175085,2024-04-22T12:14:09Z,2024-04-22,0,1277954343,202374,35.0666198730469,30.882064819335906,"c(35.0666198730469, 30.8820648193359)",11.272310666293972,4874955
A78w,1264175085,2024-04-22T12:23:52Z,2024-04-22,0,1277954343,202374,35.0666465759277,30.882076263427702,"c(35.0666465759277, 30.8820762634277)",14.114438304158579,4874955
A78w,1264175085,2024-04-22T12:33:52Z,2024-04-22,0,1277954343,202374,35.0666389465332,30.8820896148682,"c(35.0666389465332, 30.8820896148682)",14.097048529978336,4874955
A78w,1264175085,2024-04-22T12:43:53Z,2024-04-22,0,1277954343,202374,35.066707611084,30.882040023803704,"c(35.066707611084, 30.8820400238037)",18.944399003937512,4874955
A78w,1264175085,2024-04-22T12:53:52Z,2024-04-22,0,1277954343,202374,35.0666084289551,30.8821029663086,"c(35.0666084289551, 30.8821029663086)",12.557398465863637,4874955
A78w,1264175085,2024-04-22T13:03:56Z,2024-04-22,0,1277954343,202374,35.06657409667971,30.882122039794904,"c(35.0665740966797, 30.8821220397949)",12.09500883443184,4874955
A78w,1264175085,2024-04-23T06:52:58Z,2024-04-23,0,1277954343,202374,35.0666275024414,30.88201522827149,"c(35.0666275024414, 30.8820152282715)",11.325569167946906,4874955
A78w,1264175085,2024-04-23T07:02:57Z,2024-04-23,0.277777777777778,1277954343,202374,35.0666160583496,30.882148742675792,"c(35.0666160583496, 30.8821487426758)",16.79558907074448,4874955
A78w,1264175085,2024-04-23T07:12:55Z,2024-04-23,0,1277954343,202374,35.0665130615234,30.88208389282231,"c(35.0665130615234, 30.8820838928223)",6.204110276103555,4874955
A78w,1264175085,2024-04-23T07:23:19Z,2024-04-23,0,1277954343,202374,35.0665893554688,30.88201522827149,"c(35.0665893554688, 30.8820152282715)",7.7197106107620455,4874955
A78w,1264175085,2024-04-23T07:32:54Z,2024-04-23,0,1277954343,202374,35.0665588378906,30.882045745849595,"c(35.0665588378906, 30.8820457458496)",5.067889176017076,4874955
A78w,1264175085,2024-04-23T07:42:55Z,2024-04-23,0,1277954343,202374,35.066593170166,30.88204956054691,"c(35.066593170166, 30.8820495605469)",8.305007144986947,4874955
A78w,1264175085,2024-04-23T07:52:55Z,2024-04-23,0,1277954343,202374,35.0666046142578,30.881998062133807,"c(35.0666046142578, 30.8819980621338)",9.637587059720246,4874955
A78w,1264175085,2024-04-23T08:02:54Z,2024-04-23,0,1277954343,202374,35.0666007995606,30.882007598876996,"c(35.0666007995606, 30.882007598877)",8.972907242530843,4874955
A78w,1264175085,2024-04-23T08:12:54Z,2024-04-23,0,1277954343,202374,35.0666236877441,30.8820648193359,"c(35.0666236877441, 30.8820648193359)",11.61309526967042,4874955
A78w,1264175085,2024-04-23T08:22:54Z,2024-04-23,0,1277954343,202374,35.0665550231934,30.881992340087905,"c(35.0665550231934, 30.8819923400879)",5.845561269091314,4874955
A78w,1264175085,2024-04-23T08:32:54Z,2024-04-23,0,1277954343,202374,35.0666236877441,30.8821105957031,"c(35.0666236877441, 30.8821105957031)",14.214972637759956,4874955
A78w,1264175085,2024-04-23T08:42:55Z,2024-04-23,0.277777777777778,1277954343,202374,35.0666351318359,30.881996154785195,"c(35.0666351318359, 30.8819961547852)",12.476344265983252,4874955
A78w,1264175085,2024-04-23T08:52:55Z,2024-04-23,0,1277954343,202374,35.0667495727539,30.8819732666016,"c(35.0667495727539, 30.8819732666016)",23.70034182821137,4874955
A78w,1264175085,2024-04-23T09:02:54Z,2024-04-23,0.277777777777778,1277954343,202374,35.066707611084,30.881975173950195,"c(35.066707611084, 30.8819751739502)",19.784326586791224,4874955
A78w,1264175085,2024-04-23T09:13:07Z,2024-04-23,0.277777777777778,1277954343,202374,35.0667533874512,30.8820037841797,"c(35.0667533874512, 30.8820037841797)",23.429358737814987,4874955
A78w,1264175085,2024-04-23T09:22:54Z,2024-04-23,0,1277954343,202374,35.0666198730469,30.8821048736572,"c(35.0666198730469, 30.8821048736572)",13.529548114271595,4874955
A78w,1264175085,2024-04-23T09:32:54Z,2024-04-23,0,1277954343,202374,35.0666236877441,30.882095336914098,"c(35.0666236877441, 30.8820953369141)",13.188643193996448,4874955
A78w,1264175085,2024-04-23T09:42:55Z,2024-04-23,0,1277954343,202374,35.0666198730469,30.8820362091064,"c(35.0666198730469, 30.8820362091064)",10.546445199998464,4874955
A78w,1264175085,2024-04-23T09:52:54Z,2024-04-23,0.277777777777778,1277954343,202374,35.0665893554688,30.882099151611303,"c(35.0665893554688, 30.8820991516113)",10.946484687225233,4874955
E00w,1732334613,2024-04-25T12:22:35Z,2024-04-25,0,1735979415,213554,35.0666656494141,30.882101058960004,"c(35.0666656494141, 30.88210105896)",16.94613357624747,4874955
E00w,1732334613,2024-04-25T12:32:11Z,2024-04-25,0,1735979415,213554,35.066593170166,30.881965637207003,"c(35.066593170166, 30.881965637207)",10.538959071813244,4874955
E01w,1754667268,2024-04-25T11:09:36Z,2024-04-25,0,1769712587,213586,35.0665473937988,30.882131576538107,"c(35.0665473937988, 30.8821315765381)",12.028060668174245,4874955
E01w,1754667268,2024-04-25T11:29:35Z,2024-04-25,0,1769712587,213586,35.0664825439453,30.882333755493196,"c(35.0664825439453, 30.8823337554932)",34.00261123837992,4874955
E01w,1754667268,2024-04-25T11:39:36Z,2024-04-25,0,1769712587,213586,35.0666465759277,30.882356643676804,"c(35.0666465759277, 30.8823566436768)",38.70879128481975,4874955
E01w,1754667268,2024-04-25T11:49:35Z,2024-04-25,0,1769712587,213586,35.0665626525879,30.882331848144492,"c(35.0665626525879, 30.8823318481445)",34.0637968691352,4874955
E06w,2372201206,2024-04-24T08:28:01Z,2024-04-24,0,2372258366,225185,35.0665626525879,30.8820571899414,"c(35.0665626525879, 30.8820571899414)",5.985597425498473,4874955
E11w,1735941871,2024-04-22T12:02:53Z,2024-04-22,0,1767991619,213591,35.0668067932129,30.882160186767596,"c(35.0668067932129, 30.8821601867676)",31.943015461949425,4874955
E11w,1735941871,2024-04-22T12:12:48Z,2024-04-22,0,1767991619,213591,35.0665168762207,30.882266998291,"c(35.0665168762207, 30.882266998291)",26.507443107121823,4874955
E11w,1735941871,2024-04-22T12:22:48Z,2024-04-22,0,1767991619,213591,35.066463470459,30.8822154998779,"c(35.066463470459, 30.8822154998779)",21.260169422535878,4874955
E11w,1735941871,2024-04-22T12:32:48Z,2024-04-22,0,1767991619,213591,35.0664558410645,30.8821773529053,"c(35.0664558410645, 30.8821773529053)",17.350744321643834,4874955
E11w,1735941871,2024-04-22T12:42:48Z,2024-04-22,0,1767991619,213591,35.0664672851563,30.88206672668459,"c(35.0664672851563, 30.8820667266846)",5.9264605132747015,4874955
E11w,1735941871,2024-04-22T12:52:48Z,2024-04-22,0,1767991619,213591,35.0665321350098,30.88210105896001,"c(35.0665321350098, 30.88210105896)",8.372518874832974,4874955
E11w,1735941871,2024-04-22T13:02:48Z,2024-04-22,0,1767991619,213591,35.0664672851563,30.8821716308594,"c(35.0664672851563, 30.8821716308594)",16.440806765271414,4874955
E11w,1735941871,2024-04-22T13:12:48Z,2024-04-22,0,1767991619,213591,35.0666732788086,30.882173538207997,"c(35.0666732788086, 30.882173538208)",22.454393357866493,4874955
E11w,1735941871,2024-04-22T13:22:48Z,2024-04-22,0,1767991619,213591,35.0667610168457,30.881235122680703,"c(35.0667610168457, 30.8812351226807)",91.12982733707209,4874955
E11w,1735941871,2024-04-22T13:32:48Z,2024-04-22,0,1767991619,213591,35.0667533874512,30.88120651245121,"c(35.0667533874512, 30.8812065124512)",94.01041775153814,4874955
E11w,1735941871,2024-04-22T13:42:48Z,2024-04-22,0,1767991619,213591,35.0667915344238,30.8812675476074,"c(35.0667915344238, 30.8812675476074)",88.51037290305975,4874955
E11w,1735941871,2024-04-22T13:52:48Z,2024-04-22,0,1767991619,213591,35.0669593811035,30.8812198638916,"c(35.0669593811035, 30.8812198638916)",99.37571364953357,4874955
E11w,1735941871,2024-04-22T14:02:48Z,2024-04-22,0,1767991619,213591,35.0667495727539,30.8820095062256,"c(35.0667495727539, 30.8820095062256)",23.001786706457064,4874955
E11w,1735941871,2024-04-22T14:12:48Z,2024-04-22,0,1767991619,213591,35.0667915344238,30.882076263427695,"c(35.0667915344238, 30.8820762634277)",27.449633239142024,4874955
E11w,1735941871,2024-04-22T14:22:48Z,2024-04-22,0,1767991619,213591,35.0668144226074,30.882019042968786,"c(35.0668144226074, 30.8820190429688)",29.12869449986167,4874955
E11w,1735941871,2024-04-22T14:32:48Z,2024-04-22,0,1767991619,213591,35.066802978515604,30.882078170776403,"c(35.0668029785156, 30.8820781707764)",28.5642554296296,4874955
E11w,1735941871,2024-04-22T14:42:48Z,2024-04-22,0,1767991619,213591,35.0668334960938,30.882089614868207,"c(35.0668334960938, 30.8820896148682)",31.681082581521437,4874955
E11w,1735941871,2024-04-22T14:52:48Z,2024-04-22,0,1767991619,213591,35.0667610168457,30.882131576538107,"c(35.0667610168457, 30.8821315765381)",26.6102775399527,4874955
E11w,1735941871,2024-04-23T06:42:55Z,2024-04-23,0,1767991619,213591,35.0672836303711,30.880416870117205,"c(35.0672836303711, 30.8804168701172)",193.3503683202684,4874955
E11w,1735941871,2024-04-23T06:53:19Z,2024-04-23,0,1767991619,213591,35.0666007995606,30.882013320922898,"c(35.0666007995606, 30.8820133209229)",8.834328561270013,4874955
E11w,1735941871,2024-04-23T07:02:54Z,2024-04-23,0,1767991619,213591,35.0665855407715,30.8820152282715,"c(35.0665855407715, 30.8820152282715)",7.361407559706957,4874955
E11w,1735941871,2024-04-23T07:12:54Z,2024-04-23,0,1767991619,213591,35.0666236877441,30.88204193115229,"c(35.0666236877441, 30.8820419311523)",10.981071934184774,4874955
E11w,1735941871,2024-04-23T07:22:54Z,2024-04-23,0,1767991619,213591,35.0665969848633,30.881982803344705,"c(35.0665969848633, 30.8819828033447)",9.711175255379155,4874955
E11w,1735941871,2024-04-23T07:32:54Z,2024-04-23,0,1767991619,213591,35.0666198730469,30.882019042968796,"c(35.0666198730469, 30.8820190429688)",10.55392643625077,4874955
E11w,1735941871,2024-04-23T07:42:54Z,2024-04-23,0,1767991619,213591,35.0666313171387,30.881998062133807,"c(35.0666313171387, 30.8819980621338)",12.067021238204411,4874955
E11w,1735941871,2024-04-23T07:52:55Z,2024-04-23,0,1767991619,213591,35.0666160583496,30.881929397582994,"c(35.0666160583496, 30.881929397583)",14.912745394535474,4874955
E11w,1735941871,2024-04-23T08:02:55Z,2024-04-23,0,1767991619,213591,35.0666313171387,30.882019042968803,"c(35.0666313171387, 30.8820190429688)",11.643917689112273,4874955
E11w,1735941871,2024-04-23T08:12:54Z,2024-04-23,0,1767991619,213591,35.0666198730469,30.881992340087898,"c(35.0666198730469, 30.8819923400879)",11.226396979159615,4874955
E11w,1735941871,2024-04-23T08:22:55Z,2024-04-23,0,1767991619,213591,35.0665855407715,30.881902694702188,"c(35.0665855407715, 30.8819026947022)",15.659242770474156,4874955
E11w,1735941871,2024-04-23T08:32:55Z,2024-04-23,0,1767991619,213591,35.0666999816895,30.8819007873535,"c(35.0666999816895, 30.8819007873535)",23.00040637246285,4874955
E11w,1735941871,2024-04-23T08:42:55Z,2024-04-23,0,1767991619,213591,35.066707611084,30.881996154785195,"c(35.066707611084, 30.8819961547852)",19.22447028329611,4874955
E11w,1735941871,2024-04-23T08:52:55Z,2024-04-23,0,1767991619,213591,35.0667343139648,30.882076263427695,"c(35.0667343139648, 30.8820762634277)",22.108414183235492,4874955
E11w,1735941871,2024-04-23T09:02:55Z,2024-04-23,0,1767991619,213591,35.0667839050293,30.8821487426758,"c(35.0667839050293, 30.8821487426758)",29.416288329968086,4874955
E11w,1735941871,2024-04-23T09:12:54Z,2024-04-23,0,1767991619,213591,35.0666732788086,30.88202667236331,"c(35.0666732788086, 30.8820266723633)",15.614951697761565,4874955
E11w,1735941871,2024-04-23T09:23:19Z,2024-04-23,0,1767991619,213591,35.06689453125,30.882040023803697,"c(35.06689453125, 30.8820400238037)",36.79665823137311,4874955
E11w,1735941871,2024-04-23T09:32:54Z,2024-04-23,0,1767991619,213591,35.066764831543,30.881956100463892,"c(35.066764831543, 30.8819561004639)",25.64020314965405,4874955
E11w,1735941871,2024-04-23T09:42:54Z,2024-04-23,0,1767991619,213591,35.0667991638184,30.8819789886475,"c(35.0667991638184, 30.8819789886475)",28.18147535124217,4874955
E11w,1735941871,2024-04-23T09:52:54Z,2024-04-23,0,1767991619,213591,35.0667724609375,30.881998062133803,"c(35.0667724609375, 30.8819980621338)",25.317539979288263,4874955
E11w,1735941871,2024-04-24T09:11:18Z,2024-04-24,0,1767991619,213591,35.0667114257813,30.8824920654297,"c(35.0667114257813, 30.8824920654297)",54.94123632356253,4874955
E11w,1735941871,2024-04-24T09:40:53Z,2024-04-24,0,1767991619,213591,35.066764831543,30.8821811676025,"c(35.066764831543, 30.8821811676025)",29.70316321675895,4874955
E11w,1735941871,2024-04-24T10:00:59Z,2024-04-24,0,1767991619,213591,35.0666618347168,30.882223129272493,"c(35.0666618347168, 30.8822231292725)",26.05589929876025,4874955
E17w,1735941861,2024-04-25T11:10:31Z,2024-04-25,0.277777777777778,1769709863,213582,35.0667343139648,30.882022857666,"c(35.0667343139648, 30.882022857666)",21.45859125766555,4874955
E17w,1735941861,2024-04-25T11:30:22Z,2024-04-25,0,1769709863,213582,35.0664863586426,30.881994247436495,"c(35.0664863586426, 30.8819942474365)",4.372248227435716,4874955
E37w,1732333556,2024-04-22T09:53:58Z,2024-04-22,0,2322675015,213556,35.0669593811035,30.882377624511694,"c(35.0669593811035, 30.8823776245117)",57.87485211462087,4874955
E37w,1732333556,2024-04-22T10:03:59Z,2024-04-22,0,2322675015,213556,35.0669174194336,30.882349014282198,"c(35.0669174194336, 30.8823490142822)",52.771522635347964,4874955
E37w,1732333556,2024-04-22T10:13:58Z,2024-04-22,0,2322675015,213556,35.0663414001465,30.882230758667003,"c(35.0663414001465, 30.882230758667)",27.665080318632306,4874955
E37w,1732333556,2024-04-22T10:23:58Z,2024-04-22,0,2322675015,213556,35.066276550293,30.882118225097692,"c(35.066276550293, 30.8821182250977)",24.46357874836987,4874955
E37w,1732333556,2024-04-22T10:33:59Z,2024-04-22,0,2322675015,213556,35.0662994384766,30.8821125030518,"c(35.0662994384766, 30.8821125030518)",22.208978533351175,4874955
E37w,1732333556,2024-04-22T10:43:59Z,2024-04-22,0,2322675015,213556,35.0662460327148,30.882125854492198,"c(35.0662460327148, 30.8821258544922)",27.475943800100936,4874955
E37w,1732333556,2024-04-22T10:53:59Z,2024-04-22,0,2322675015,213556,35.0662422180176,30.882209777832006,"c(35.0662422180176, 30.882209777832)",32.58802151153044,4874955
E37w,1732333556,2024-04-22T11:04:07Z,2024-04-22,0,2322675015,213556,35.0662460327148,30.882081985473594,"c(35.0662460327148, 30.8820819854736)",25.94300135505613,4874955
E37w,1732333556,2024-04-22T11:14:19Z,2024-04-22,0,2322675015,213556,35.066349029541,30.882104873657195,"c(35.066349029541, 30.8821048736572)",17.595728668935553,4874955
E37w,1732333556,2024-04-22T11:23:58Z,2024-04-22,0,2322675015,213556,35.0665626525879,30.8820037841797,"c(35.0665626525879, 30.8820037841797)",5.706280617494877,4874955
E37w,1732333556,2024-04-22T11:33:58Z,2024-04-22,0,2322675015,213556,35.066593170166,30.8820362091064,"c(35.066593170166, 30.8820362091064)",8.005426071822429,4874955
E37w,1732333556,2024-04-22T11:43:58Z,2024-04-22,0,2322675015,213556,35.0665588378906,30.882093429565405,"c(35.0665588378906, 30.8820934295654)",8.627934699305895,4874955
E37w,1732333556,2024-04-22T11:53:58Z,2024-04-22,0,2322675015,213556,35.0665702819824,30.882091522216793,"c(35.0665702819824, 30.8820915222168)",9.10151763845965,4874955
E37w,1732333556,2024-04-22T12:04:00Z,2024-04-22,0,2322675015,213556,35.066593170166,30.882038116455092,"c(35.066593170166, 30.8820381164551)",8.03221925164852,4874955
E37w,1732333556,2024-04-22T12:14:14Z,2024-04-22,0,2322675015,213556,35.0665969848633,30.882099151611296,"c(35.0665969848633, 30.8820991516113)",11.46434475669494,4874955
E37w,1732333556,2024-04-22T12:23:59Z,2024-04-22,0,2322675015,213556,35.0666389465332,30.882051467895508,"c(35.0666389465332, 30.8820514678955)",12.602624556522683,4874955
E37w,1732333556,2024-04-22T12:33:58Z,2024-04-22,0,2322675015,213556,35.0667190551758,30.881984710693406,"c(35.0667190551758, 30.8819847106934)",20.55993700562979,4874955
E37w,1732333556,2024-04-22T12:43:59Z,2024-04-22,0,2322675015,213556,35.0664787292481,30.882049560546903,"c(35.0664787292481, 30.8820495605469)",3.828482209624128,4874955
E37w,1732333556,2024-04-22T12:54:20Z,2024-04-22,0,2322675015,213556,35.0667304992676,30.882001876831094,"c(35.0667304992676, 30.8820018768311)",21.28422121242196,4874955
E37w,1732333556,2024-04-22T13:03:58Z,2024-04-22,0,2322675015,213556,35.0667610168457,30.881967544555696,"c(35.0667610168457, 30.8819675445557)",24.922928119361316,4874955
E37w,1732333556,2024-04-22T13:13:58Z,2024-04-22,0,2322675015,213556,35.0667610168457,30.881958007812507,"c(35.0667610168457, 30.8819580078125)",25.22788518614872,4874955
E37w,1732333556,2024-04-22T13:23:58Z,2024-04-22,0,2322675015,213556,35.0667877197266,30.8811359405518,"c(35.0667877197266, 30.8811359405518)",102.41198286381437,4874955
E37w,1732333556,2024-04-22T13:33:59Z,2024-04-22,0,2322675015,213556,35.0666999816895,30.8812141418457,"c(35.0666999816895, 30.8812141418457)",92.0484541055204,4874955
E37w,1732333556,2024-04-22T13:43:58Z,2024-04-22,0,2322675015,213556,35.0666732788086,30.881174087524396,"c(35.0666732788086, 30.8811740875244)",95.95770447071614,4874955
E37w,1732333556,2024-04-22T13:53:58Z,2024-04-22,0,2322675015,213556,35.0666885375977,30.881196975707997,"c(35.0666885375977, 30.881196975708)",93.70952464509122,4874955
E37w,1732333556,2024-04-22T14:03:58Z,2024-04-22,0,2322675015,213556,35.0666084289551,30.881311416626005,"c(35.0666084289551, 30.881311416626)",80.00785060988466,4874955
E37w,1732333556,2024-04-22T14:13:59Z,2024-04-22,0.277777777777778,2322675015,213556,35.0667152404785,30.8812026977539,"c(35.0667152404785, 30.8812026977539)",93.58782031534737,4874955
E37w,1732333556,2024-04-22T14:23:58Z,2024-04-22,0.833333333333333,2322675015,213556,35.0663719177246,30.881593704223604,"c(35.0663719177246, 30.8815937042236)",49.93089244445467,4874955
E37w,1732333556,2024-04-22T14:34:05Z,2024-04-22,0,2322675015,213556,35.0665092468262,30.8813095092773,"c(35.0665092468262, 30.8813095092773)",79.66373861446648,4874955
E37w,1732333556,2024-04-22T14:43:59Z,2024-04-22,0,2322675015,213556,35.0666046142578,30.8812408447266,"c(35.0666046142578, 30.8812408447266)",87.74473323769563,4874955
E37w,1732333556,2024-04-22T14:53:59Z,2024-04-22,0,2322675015,213556,35.0667152404785,30.881156921386683,"c(35.0667152404785, 30.8811569213867)",98.55622019519193,4874955
E37w,1732333556,2024-04-23T06:52:51Z,2024-04-23,0,2322675015,213556,35.0665245056152,30.88200378417971,"c(35.0665245056152, 30.8820037841797)",3.022127981122908,4874955
E37w,1732333556,2024-04-23T07:02:51Z,2024-04-23,0,2322675015,213556,35.0666389465332,30.8819999694824,"c(35.0666389465332, 30.8819999694824)",12.716714395433138,4874955
E37w,1732333556,2024-04-23T07:12:51Z,2024-04-23,0,2322675015,213556,35.0666198730469,30.8820343017578,"c(35.0666198730469, 30.8820343017578)",10.53030177327473,4874955
E37w,1732333556,2024-04-23T07:22:51Z,2024-04-23,0,2322675015,213556,35.0666809082031,30.882049560546903,"c(35.0666809082031, 30.8820495605469)",16.517754476447227,4874955
E37w,1732333556,2024-04-23T07:32:51Z,2024-04-23,0,2322675015,213556,35.0666732788086,30.882005691528306,"c(35.0666732788086, 30.8820056915283)",15.808960323625062,4874955
E37w,1732333556,2024-04-23T07:42:51Z,2024-04-23,0,2322675015,213556,35.066520690918,30.881992340087905,"c(35.066520690918, 30.8819923400879)",4.083885756837564,4874955
E37w,1732333556,2024-04-23T07:52:51Z,2024-04-23,0,2322675015,213556,35.0667419433594,30.882026672363303,"c(35.0667419433594, 30.8820266723633)",22.181097841367645,4874955
E37w,1732333556,2024-04-23T08:02:51Z,2024-04-23,0.277777777777778,2322675015,213556,35.0666732788086,30.881980895996108,"c(35.0666732788086, 30.8819808959961)",16.464568796663265,4874955
E37w,1732333556,2024-04-23T08:12:50Z,2024-04-23,0,2322675015,213556,35.0667457580566,30.881998062133803,"c(35.0667457580566, 30.8819980621338)",22.7884611774581,4874955
E37w,1732333556,2024-04-23T08:22:51Z,2024-04-23,0,2322675015,213556,35.0666198730469,30.881906509399403,"c(35.0666198730469, 30.8819065093994)",17.083681558402606,4874955
E37w,1732333556,2024-04-23T08:32:52Z,2024-04-23,0,2322675015,213556,35.06657409667971,30.881975173950206,"c(35.0665740966797, 30.8819751739502)",8.478061404021071,4874955
E37w,1732333556,2024-04-23T08:42:53Z,2024-04-23,0,2322675015,213556,35.0666198730469,30.881929397583,"c(35.0666198730469, 30.881929397583)",15.163206327077432,4874955
E37w,1732333556,2024-04-23T08:53:10Z,2024-04-23,0,2322675015,213556,35.0664749145508,30.88200950622561,"c(35.0664749145508, 30.8820095062256)",3.9321782358570396,4874955
E37w,1732333556,2024-04-23T09:02:52Z,2024-04-23,0,2322675015,213556,35.0665016174316,30.882005691528292,"c(35.0665016174316, 30.8820056915283)",2.6001384985539304,4874955
E37w,1732333556,2024-04-23T09:12:51Z,2024-04-23,0.277777777777778,2322675015,213556,35.0665855407715,30.8820381164551,"c(35.0665855407715, 30.8820381164551)",7.31048380364628,4874955
E37w,1732333556,2024-04-23T09:22:51Z,2024-04-23,0.277777777777778,2322675015,213556,35.0665855407715,30.8820323944092,"c(35.0665855407715, 30.8820323944092)",7.240332672480355,4874955
E37w,1732333556,2024-04-23T09:32:51Z,2024-04-23,0,2322675015,213556,35.0665550231934,30.88201522827149,"c(35.0665550231934, 30.8820152282715)",4.5324371286750615,4874955
E37w,1732333556,2024-04-23T09:42:53Z,2024-04-23,0,2322675015,213556,35.0665550231934,30.8820858001709,"c(35.0665550231934, 30.8820858001709)",7.720676148684301,4874955
E37w,1732333556,2024-04-23T09:52:59Z,2024-04-23,0,2322675015,213556,35.0666770935059,30.881937026977504,"c(35.0666770935059, 30.8819370269775)",18.896383670255094,4874955
E37w,1732333556,2024-04-23T10:02:53Z,2024-04-23,0,2322675015,213556,35.0666885375977,30.881950378417994,"c(35.0666885375977, 30.881950378418)",19.11996504266545,4874955
E37w,1732333556,2024-04-23T10:12:52Z,2024-04-23,0,2322675015,213556,35.0666923522949,30.88198280334469,"c(35.0666923522949, 30.8819828033447)",18.144009644408385,4874955
E37w,1732333556,2024-04-23T10:22:53Z,2024-04-23,0,2322675015,213556,35.0666313171387,30.88201522827149,"c(35.0666313171387, 30.8820152282715)",11.687592717288673,4874955
E37w,1732333556,2024-04-23T10:32:54Z,2024-04-23,0,2322675015,213556,35.0666580200195,30.88202095031741,"c(35.0666580200195, 30.8820209503174)",14.176633832636664,4874955
E37w,1732333556,2024-04-23T10:42:55Z,2024-04-23,0,2322675015,213556,35.0666694641113,30.881992340087905,"c(35.0666694641113, 30.8819923400879)",15.75369861811485,4874955
E37w,1732333556,2024-04-23T10:53:10Z,2024-04-23,0,2322675015,213556,35.0667724609375,30.8819351196289,"c(35.0667724609375, 30.8819351196289)",27.129572384006234,4874955
E37w,1732333556,2024-04-23T11:02:51Z,2024-04-23,0,2322675015,213556,35.0667915344238,30.881937026977504,"c(35.0667915344238, 30.8819370269775)",28.750480213140182,4874955
E37w,1732333556,2024-04-23T11:12:51Z,2024-04-23,0,2322675015,213556,35.0667915344238,30.881923675537106,"c(35.0667915344238, 30.8819236755371)",29.302658350940032,4874955
E37w,1732333556,2024-04-23T11:22:51Z,2024-04-23,0,2322675015,213556,35.0668296813965,30.88193702697749,"c(35.0668296813965, 30.8819370269775)",32.192026979182266,4874955
E37w,1732333556,2024-04-23T11:32:51Z,2024-04-23,0,2322675015,213556,35.0665321350098,30.881950378417994,"c(35.0665321350098, 30.881950378418)",8.862894608396278,4874955
E37w,1732333556,2024-04-23T11:42:51Z,2024-04-23,0.277777777777778,2322675015,213556,35.0665664672852,30.881931304931612,"c(35.0665664672852, 30.8819313049316)",12.004315772389287,4874955
E37w,1732333556,2024-04-23T11:52:51Z,2024-04-23,0,2322675015,213556,35.066764831543,30.881887435913097,"c(35.066764831543, 30.8818874359131)",28.92694579355487,4874955
E37w,1732333556,2024-04-23T12:02:51Z,2024-04-23,0,2322675015,213556,35.0667991638184,30.8819561004639,"c(35.0667991638184, 30.8819561004639)",28.778766420948575,4874955
E37w,1732333556,2024-04-23T12:12:51Z,2024-04-23,0,2322675015,213556,35.0668334960938,30.88193893432619,"c(35.0668334960938, 30.8819389343262)",32.47372019588539,4874955
E37w,1732333556,2024-04-23T12:22:52Z,2024-04-23,0,2322675015,213556,35.0668907165527,30.8819046020508,"c(35.0668907165527, 30.8819046020508)",38.893673813796475,4874955
E37w,1732333556,2024-04-23T12:32:54Z,2024-04-23,0,2322675015,213556,35.0668563842773,30.8820381164551,"c(35.0668563842773, 30.8820381164551)",33.14351302721416,4874955
E37w,1732333556,2024-04-23T12:42:54Z,2024-04-23,0,2322675015,213556,35.0668525695801,30.882055282592802,"c(35.0668525695801, 30.8820552825928)",32.89909294612102,4874955
E37w,1732333556,2024-04-23T12:52:53Z,2024-04-23,0,2322675015,213556,35.066802978515604,30.88206481933589,"c(35.0668029785156, 30.8820648193359)",28.31322106652316,4874955
E37w,1732333556,2024-04-23T13:02:54Z,2024-04-23,0,2322675015,213556,35.066848754882805,30.882059097289993,"c(35.0668487548828, 30.88205909729)",32.57790410431623,4874955
E37w,1732333556,2024-04-23T13:13:02Z,2024-04-23,0,2322675015,213556,35.0668716430664,30.8820095062256,"c(35.0668716430664, 30.8820095062256)",34.644457632032506,4874955
E37w,1732333556,2024-04-23T13:22:51Z,2024-04-23,0,2322675015,213556,35.0668067932129,30.882013320922898,"c(35.0668067932129, 30.8820133209229)",28.42879350150013,4874955
E37w,1732333556,2024-04-23T13:32:51Z,2024-04-23,0,2322675015,213556,35.0668144226074,30.8820018768311,"c(35.0668144226074, 30.8820018768311)",29.255496774954974,4874955
E37w,1732333556,2024-04-23T13:42:51Z,2024-04-23,0,2322675015,213556,35.0668144226074,30.88200950622561,"c(35.0668144226074, 30.8820095062256)",29.183887377518552,4874955
E37w,1732333556,2024-04-23T13:52:51Z,2024-04-23,0,2322675015,213556,35.0668411254883,30.881961822509798,"c(35.0668411254883, 30.8819618225098)",32.50436455330746,4874955
E37w,1732333556,2024-04-23T14:02:51Z,2024-04-23,0,2322675015,213556,35.0668296813965,30.8820247650147,"c(35.0668296813965, 30.8820247650147)",30.57305219452373,4874955
E37w,1732333556,2024-04-23T14:12:51Z,2024-04-23,0,2322675015,213556,35.0668144226074,30.882026672363295,"c(35.0668144226074, 30.8820266723633)",29.112130627258136,4874955
E37w,1732333556,2024-04-23T14:22:51Z,2024-04-23,0,2322675015,213556,35.0667877197266,30.882007598876996,"c(35.0667877197266, 30.882007598877)",26.65433511338001,4874955
E37w,1732333556,2024-04-23T14:32:51Z,2024-04-23,0,2322675015,213556,35.0667953491211,30.882009506225607,"c(35.0667953491211, 30.8820095062256)",27.364708574006603,4874955
E37w,1732333556,2024-04-23T14:42:53Z,2024-04-23,0,2322675015,213556,35.0668144226074,30.88195991516109,"c(35.0668144226074, 30.8819599151611)",30.07461670807215,4874955
E37w,1732333556,2024-04-23T14:52:59Z,2024-04-23,0,2322675015,213556,35.0668106079102,30.881990432739293,"c(35.0668106079102, 30.8819904327393)",29.047168897039306,4874955
E37w,1732333556,2024-04-23T15:03:07Z,2024-04-23,0,2322675015,213556,35.0666809082031,30.881151199340795,"c(35.0666809082031, 30.8811511993408)",98.58084129809949,4874955
E37w,1732333556,2024-04-23T15:12:52Z,2024-04-23,0,2322675015,213556,35.0667152404785,30.881093978881797,"c(35.0667152404785, 30.8810939788818)",105.4044382753511,4874955
E37w,1732333556,2024-04-23T15:22:51Z,2024-04-23,0,2322675015,213556,35.0667266845703,30.881042480468807,"c(35.0667266845703, 30.8810424804688)",111.21832189215645,4874955
E37w,1732333556,2024-04-23T15:32:51Z,2024-04-23,0.555555555555556,2322675015,213556,35.0667533874512,30.880878448486285,"c(35.0667533874512, 30.8808784484863)",129.565912234726,4874955
E37w,1732333556,2024-04-23T15:42:51Z,2024-04-23,0,2322675015,213556,35.0666961669922,30.881116867065398,"c(35.0666961669922, 30.8811168670654)",102.5799065644456,4874955
E37w,1732333556,2024-04-23T15:52:51Z,2024-04-23,0,2322675015,213556,35.0667572021484,30.88112640380861,"c(35.0667572021484, 30.8811264038086)",102.72295616717328,4874955
E37w,1732333556,2024-04-23T16:02:51Z,2024-04-23,0,2322675015,213556,35.0666809082031,30.8811702728272,"c(35.0666809082031, 30.8811702728272)",96.49594478413934,4874955
E37w,1732333556,2024-04-25T11:56:46Z,2024-04-25,0,2322675015,213556,35.0667152404785,30.8821125030518,"c(35.0667152404785, 30.8821125030518)",21.74869073737674,4874955
E37w,1732333556,2024-04-25T12:07:07Z,2024-04-25,0,2322675015,213556,35.066535949707,30.881998062133803,"c(35.066535949707, 30.8819980621338)",4.144462162881362,4874955
E37w,1732333556,2024-04-25T12:16:46Z,2024-04-25,0,2322675015,213556,35.06655120849611,30.882013320922898,"c(35.0665512084961, 30.8820133209229)",4.2636175221650605,4874955
E37w,1732333556,2024-04-25T12:26:46Z,2024-04-25,0,2322675015,213556,35.0665321350098,30.88202667236331,"c(35.0665321350098, 30.8820266723633)",2.1218703356026554,4874955
E37w,1732333556,2024-04-25T12:36:46Z,2024-04-25,0,2322675015,213556,35.0666313171387,30.882093429565405,"c(35.0666313171387, 30.8820934295654)",13.682968506190825,4874955
E37w,1732333556,2024-04-25T12:46:46Z,2024-04-25,0,2322675015,213556,35.0666122436523,30.8821182250977,"c(35.0666122436523, 30.8821182250977)",13.988432778853557,4874955
E37w,1732333556,2024-04-25T12:56:46Z,2024-04-25,0,2322675015,213556,35.066505432128906,30.882005691528292,"c(35.0665054321289, 30.8820056915283)",2.5117602395889973,4874955
E37w,1732333556,2024-04-25T13:06:46Z,2024-04-25,0,2322675015,213556,35.0665168762207,30.881990432739297,"c(35.0665168762207, 30.8819904327393)",4.216909938580203,4874955
E38w,1754667312,2024-04-22T09:32:49Z,2024-04-22,0,2322678811,213593,35.0653114318848,30.880828857421886,"c(35.0653114318848, 30.8808288574219)",175.54200325951862,4874955
E38w,1754667312,2024-04-22T09:42:49Z,2024-04-22,0.277777777777778,2322678811,213593,35.0664100646973,30.882007598876996,"c(35.0664100646973, 30.882007598877)",9.820806381123143,4874955
E38w,1754667312,2024-04-22T09:53:10Z,2024-04-22,0,2322678811,213593,35.0663375854492,30.882049560546903,"c(35.0663375854492, 30.8820495605469)",16.660300715135186,4874955
E38w,1754667312,2024-04-22T10:02:50Z,2024-04-22,0,2322678811,213593,35.0663146972656,30.882106781005902,"c(35.0663146972656, 30.8821067810059)",20.61838518223478,4874955
E38w,1754667312,2024-04-22T10:12:52Z,2024-04-22,0,2322678811,213593,35.0662841796875,30.882116317749,"c(35.0662841796875, 30.882116317749)",23.711529638541837,4874955
E38w,1754667312,2024-04-22T10:22:52Z,2024-04-22,0.277777777777778,2322678811,213593,35.0664367675781,30.882038116455107,"c(35.0664367675781, 30.8820381164551)",7.092432193552293,4874955
E38w,1754667312,2024-04-22T10:32:52Z,2024-04-22,0,2322678811,213593,35.066577911377,30.882015228271506,"c(35.066577911377, 30.8820152282715)",6.646921288734392,4874955
E38w,1754667312,2024-04-22T10:42:52Z,2024-04-22,0,2322678811,213593,35.0664939880371,30.882022857665994,"c(35.0664939880371, 30.882022857666)",1.6339232584660697,4874955
E38w,1754667312,2024-04-22T10:52:50Z,2024-04-22,0,2322678811,213593,35.0665168762207,30.8819046020508,"c(35.0665168762207, 30.8819046020508)",13.69772073834098,4874955
E38w,1754667312,2024-04-22T11:02:50Z,2024-04-22,0,2322678811,213593,35.06655120849611,30.881895065307596,"c(35.0665512084961, 30.8818950653076)",15.25704080302998,4874955
E38w,1754667312,2024-04-22T11:13:00Z,2024-04-22,0,2322678811,213593,35.0666694641113,30.8819007873535,"c(35.0666694641113, 30.8819007873535)",20.772439346445207,4874955
E38w,1754667312,2024-04-22T11:22:52Z,2024-04-22,0,2322678811,213593,35.0665550231934,30.8821315765381,"c(35.0665550231934, 30.8821315765381)",12.264767799934877,4874955
E38w,1754667312,2024-04-22T11:32:53Z,2024-04-22,0,2322678811,213593,35.0665130615234,30.882127761840803,"c(35.0665130615234, 30.8821277618408)",11.065114058576324,4874955
E38w,1754667312,2024-04-22T11:42:50Z,2024-04-22,0,2322678811,213593,35.0664367675781,30.88212394714361,"c(35.0664367675781, 30.8821239471436)",12.736459076222184,4874955
E38w,1754667312,2024-04-22T11:52:52Z,2024-04-22,0,2322678811,213593,35.0664787292481,30.882108688354496,"c(35.0664787292481, 30.8821086883545)",9.432989140709523,4874955
E38w,1754667312,2024-04-22T12:03:21Z,2024-04-22,0,2322678811,213593,35.0667037963867,30.8821029663086,"c(35.0667037963867, 30.8821029663086)",20.311269572701956,4874955
E38w,1754667312,2024-04-22T12:12:50Z,2024-04-22,0,2322678811,213593,35.0665626525879,30.882110595703093,"c(35.0665626525879, 30.8821105957031)",10.450840506178873,4874955
E38w,1754667312,2024-04-22T12:22:50Z,2024-04-22,0.277777777777778,2322678811,213593,35.0665397644043,30.882089614868207,"c(35.0665397644043, 30.8820896148682)",7.400878736673156,4874955
E38w,1754667312,2024-04-22T12:32:50Z,2024-04-22,0,2322678811,213593,35.0665321350098,30.882091522216797,"c(35.0665321350098, 30.8820915222168)",7.354330989336808,4874955
E38w,1754667312,2024-04-22T12:42:50Z,2024-04-22,0,2322678811,213593,35.0665817260742,30.882064819335906,"c(35.0665817260742, 30.8820648193359)",7.982074813407435,4874955
E38w,1754667312,2024-04-22T12:52:50Z,2024-04-22,0,2322678811,213593,35.0668830871582,30.882022857666,"c(35.0668830871582, 30.882022857666)",35.682666691123195,4874955
E38w,1754667312,2024-04-22T13:02:50Z,2024-04-22,0,2322678811,213593,35.0665550231934,30.882081985473594,"c(35.0665550231934, 30.8820819854736)",7.373364552792791,4874955
E38w,1754667312,2024-04-22T13:12:50Z,2024-04-22,0,2322678811,213593,35.0667724609375,30.8819026947022,"c(35.0667724609375, 30.8819026947022)",28.687746843763662,4874955
E38w,1754667312,2024-04-22T13:22:50Z,2024-04-22,0,2322678811,213593,35.0667266845703,30.8810844421387,"c(35.0667266845703, 30.8810844421387)",106.65074782331018,4874955
E38w,1754667312,2024-04-22T13:32:52Z,2024-04-22,0,2322678811,213593,35.0667037963867,30.881116867065394,"c(35.0667037963867, 30.8811168670654)",102.70904455178169,4874955
E38w,1754667312,2024-04-22T13:42:54Z,2024-04-22,0,2322678811,213593,35.0667495727539,30.8810634613037,"c(35.0667495727539, 30.8810634613037)",109.37110341684935,4874955
E38w,1754667312,2024-04-22T13:52:52Z,2024-04-22,0,2322678811,213593,35.0667381286621,30.8810882568359,"c(35.0667381286621, 30.8810882568359)",106.45475576473119,4874955
E38w,1754667312,2024-04-22T14:03:10Z,2024-04-22,0,2322678811,213593,35.0666236877441,30.8811931610107,"c(35.0666236877441, 30.8811931610107)",93.20027671805211,4874955
E38w,1754667312,2024-04-22T14:12:50Z,2024-04-22,0.277777777777778,2322678811,213593,35.066593170166,30.88120841979981,"c(35.066593170166, 30.8812084197998)",91.21955183337256,4874955
E38w,1754667312,2024-04-22T14:22:50Z,2024-04-22,0,2322678811,213593,35.0666236877441,30.881227493286104,"c(35.0666236877441, 30.8812274932861)",89.4207263347088,4874955
E38w,1754667312,2024-04-22T14:32:50Z,2024-04-22,0,2322678811,213593,35.0665817260742,30.8811950683594,"c(35.0665817260742, 30.8811950683594)",92.60687961445014,4874955
E38w,1754667312,2024-04-22T14:42:50Z,2024-04-22,0.277777777777778,2322678811,213593,35.0666046142578,30.881250381469705,"c(35.0666046142578, 30.8812503814697)",86.6930382256434,4874955
E38w,1754667312,2024-04-22T14:52:52Z,2024-04-22,0,2322678811,213593,35.06657409667971,30.8812084197998,"c(35.0665740966797, 30.8812084197998)",91.07864220453148,4874955
E38w,1754667312,2024-04-22T15:02:56Z,2024-04-22,0,2322678811,213593,35.0666046142578,30.881994247436495,"c(35.0666046142578, 30.8819942474365)",9.791319359181564,4874955
E38w,1754667312,2024-04-22T15:13:00Z,2024-04-22,0,2322678811,213593,35.0666847229004,30.8819770812988,"c(35.0666847229004, 30.8819770812988)",17.636691504847594,4874955
E38w,1754667312,2024-04-23T06:52:07Z,2024-04-23,0,2322678811,213593,35.0670051574707,30.8821620941162,"c(35.0670051574707, 30.8821620941162)",49.63091013359671,4874955
E38w,1754667312,2024-04-23T07:02:07Z,2024-04-23,0,2322678811,213593,35.066967010498,30.881975173950202,"c(35.066967010498, 30.8819751739502)",44.09440575993645,4874955
E38w,1754667312,2024-04-23T07:12:07Z,2024-04-23,0,2322678811,213593,35.0668678283691,30.881961822509798,"c(35.0668678283691, 30.8819618225098)",34.996780528410866,4874955
E38w,1754667312,2024-04-23T07:22:07Z,2024-04-23,0,2322678811,213593,35.0667762756348,30.882131576538107,"c(35.0667762756348, 30.8821315765381)",27.93368082411932,4874955
E38w,1754667312,2024-04-23T07:32:07Z,2024-04-23,0,2322678811,213593,35.0670394897461,30.88202476501469,"c(35.0670394897461, 30.8820247650147)",50.63607274888467,4874955
E38w,1754667312,2024-04-23T07:42:07Z,2024-04-23,0,2322678811,213593,35.0667762756348,30.882133483886694,"c(35.0667762756348, 30.8821334838867)",28.021288244480452,4874955
E38w,1754667312,2024-04-23T07:52:07Z,2024-04-23,0.277777777777778,2322678811,213593,35.0668067932129,30.882108688354496,"c(35.0668067932129, 30.8821086883545)",29.758785681817983,4874955
E38w,1754667312,2024-04-23T08:02:07Z,2024-04-23,0,2322678811,213593,35.0666694641113,30.8822784423828,"c(35.0666694641113, 30.8822784423828)",31.679907614908522,4874955
E38w,1754667312,2024-04-23T08:12:07Z,2024-04-23,0,2322678811,213593,35.0667419433594,30.8821182250977,"c(35.0667419433594, 30.8821182250977)",24.332196483601518,4874955
E38w,1754667312,2024-04-23T08:22:07Z,2024-04-23,0,2322678811,213593,35.0669555664063,30.882259368896495,"c(35.0669555664063, 30.8822593688965)",49.73570082399937,4874955
E38w,1754667312,2024-04-23T08:32:07Z,2024-04-23,0,2322678811,213593,35.0669708251953,30.8823394775391,"c(35.0669708251953, 30.8823394775391)",55.98861414826412,4874955
E38w,1754667312,2024-04-23T08:42:07Z,2024-04-23,0,2322678811,213593,35.0668144226074,30.882186889648388,"c(35.0668144226074, 30.8821868896484)",34.027284888798235,4874955
E38w,1754667312,2024-04-23T08:52:07Z,2024-04-23,0,2322678811,213593,35.0667304992676,30.882095336914105,"c(35.0667304992676, 30.8820953369141)",22.36896485605215,4874955
E38w,1754667312,2024-04-23T09:02:07Z,2024-04-23,0,2322678811,213593,35.0670280456543,30.882106781005902,"c(35.0670280456543, 30.8821067810059)",50.30456926039086,4874955
E38w,1754667312,2024-04-23T09:12:07Z,2024-04-23,0,2322678811,213593,35.067024230957,30.882202148437504,"c(35.067024230957, 30.8822021484375)",52.83060275004891,4874955
E38w,1754667312,2024-04-23T09:22:07Z,2024-04-23,0,2322678811,213593,35.0670547485352,30.8821182250977,"c(35.0670547485352, 30.8821182250977)",53.045812129205345,4874955
E38w,1754667312,2024-04-23T09:32:07Z,2024-04-23,0,2322678811,213593,35.0670356750488,30.881938934326197,"c(35.0670356750488, 30.8819389343262)",51.23082050961886,4874955
E38w,1754667312,2024-04-23T09:42:07Z,2024-04-23,0,2322678811,213593,35.0670471191406,30.882051467895494,"c(35.0670471191406, 30.8820514678955)",51.43025525283497,4874955
E38w,1754667312,2024-04-23T09:52:07Z,2024-04-23,0,2322678811,213593,35.0670585632324,30.8821048736572,"c(35.0670585632324, 30.8821048736572)",53.14670253128112,4874955
E38w,1754667312,2024-04-23T10:02:07Z,2024-04-23,0,2322678811,213593,35.0671119689941,30.882099151611296,"c(35.0671119689941, 30.8820991516113)",58.10398673860703,4874955
E38w,1754667312,2024-04-23T10:12:07Z,2024-04-23,0,2322678811,213593,35.067081451416,30.881967544555692,"c(35.067081451416, 30.8819675445557)",55.057156039619166,4874955
E38w,1754667312,2024-04-23T10:22:07Z,2024-04-23,0,2322678811,213593,35.0670127868652,30.881946563720707,"c(35.0670127868652, 30.8819465637207)",48.92172474280414,4874955
E38w,1754667312,2024-04-23T10:32:07Z,2024-04-23,0,2322678811,213593,35.066802978515604,30.8820667266846,"c(35.0668029785156, 30.8820667266846)",28.344486011611036,4874955
E38w,1754667312,2024-04-23T10:42:07Z,2024-04-23,0,2322678811,213593,35.0669212341309,30.881940841674805,"c(35.0669212341309, 30.8819408416748)",40.49606686222871,4874955
E38w,1754667312,2024-04-23T10:52:07Z,2024-04-23,0,2322678811,213593,35.0668869018555,30.882169723510696,"c(35.0668869018555, 30.8821697235107)",39.319370283821165,4874955
E38w,1754667312,2024-04-23T11:02:07Z,2024-04-23,0,2322678811,213593,35.0668907165527,30.88209724426269,"c(35.0668907165527, 30.8820972442627)",37.208398807812955,4874955
E38w,1754667312,2024-04-23T11:12:07Z,2024-04-23,0,2322678811,213593,35.066780090332,30.882114410400405,"c(35.066780090332, 30.8821144104004)",27.548290951063368,4874955
E38w,1754667312,2024-04-23T11:22:07Z,2024-04-23,0,2322678811,213593,35.0667839050293,30.882089614868207,"c(35.0667839050293, 30.8820896148682)",27.069613841295055,4874955
E38w,1754667312,2024-04-23T11:32:07Z,2024-04-23,0,2322678811,213593,35.0667572021484,30.8821678161621,"c(35.0667572021484, 30.8821678161621)",28.269440492981794,4874955
E38w,1754667312,2024-04-23T11:42:06Z,2024-04-23,0,2322678811,213593,35.0668106079102,30.88209915161131,"c(35.0668106079102, 30.8820991516113)",29.809798693182334,4874955
E38w,1754667312,2024-04-23T11:52:07Z,2024-04-23,0,2322678811,213593,35.0668640136719,30.882011413574205,"c(35.0668640136719, 30.8820114135742)",33.90404049531953,4874955
E38w,1754667312,2024-04-23T12:02:07Z,2024-04-23,0,2322678811,213593,35.066951751709,30.882045745849602,"c(35.066951751709, 30.8820457458496)",42.290255478493975,4874955
E38w,1754667312,2024-04-23T12:12:07Z,2024-04-23,0,2322678811,213593,35.0667724609375,30.882043838500998,"c(35.0667724609375, 30.882043838501)",25.160346360934938,4874955
E38w,1754667312,2024-04-23T12:22:07Z,2024-04-23,0,2322678811,213593,35.0666885375977,30.8820304870606,"c(35.0666885375977, 30.8820304870606)",17.075673463088428,4874955
E38w,1754667312,2024-04-23T12:32:07Z,2024-04-23,0,2322678811,213593,35.0669860839844,30.8820877075195,"c(35.0669860839844, 30.8820877075195)",46.00642444611663,4874955
E38w,1754667312,2024-04-23T12:42:07Z,2024-04-23,0,2322678811,213593,35.066825866699205,30.882169723510696,"c(35.0668258666992, 30.8821697235107)",34.048990742956676,4874955
E38w,1754667312,2024-04-23T12:52:07Z,2024-04-23,0,2322678811,213593,35.0668182373047,30.882152557373104,"c(35.0668182373047, 30.8821525573731)",32.55143039095587,4874955
E38w,1754667312,2024-04-23T13:02:07Z,2024-04-23,0,2322678811,213593,35.0667877197266,30.882091522216793,"c(35.0667877197266, 30.8820915222168)",27.476204776729368,4874955
E38w,1754667312,2024-04-23T13:12:07Z,2024-04-23,0,2322678811,213593,35.0667839050293,30.882135391235394,"c(35.0667839050293, 30.8821353912354)",28.772779878292784,4874955
E38w,1754667312,2024-04-23T13:22:07Z,2024-04-23,0,2322678811,213593,35.066848754882805,30.882041931152298,"c(35.0668487548828, 30.8820419311523)",32.43173620969099,4874955
E38w,1754667312,2024-04-23T13:32:07Z,2024-04-23,0,2322678811,213593,35.0668869018555,30.88199234008791,"c(35.0668869018555, 30.8819923400879)",36.259130680842794,4874955
E38w,1754667312,2024-04-23T13:42:07Z,2024-04-23,0,2322678811,213593,35.0667610168457,30.881971359252894,"c(35.0667610168457, 30.8819713592529)",24.81251582815479,4874955
E38w,1754667312,2024-04-23T13:52:07Z,2024-04-23,0,2322678811,213593,35.0667419433594,30.8820304870606,"c(35.0667419433594, 30.8820304870606)",22.182323022300903,4874955
E38w,1754667312,2024-04-23T14:02:07Z,2024-04-23,0,2322678811,213593,35.0668182373047,30.8819847106934,"c(35.0668182373047, 30.8819847106934)",29.864786449055053,4874955
E38w,1754667312,2024-04-23T14:12:07Z,2024-04-23,0,2322678811,213593,35.0669174194336,30.882200241088892,"c(35.0669174194336, 30.8822002410889)",43.39001075973299,4874955
E38w,1754667312,2024-04-23T14:22:08Z,2024-04-23,0,2322678811,213593,35.0670013427734,30.882091522216804,"c(35.0670013427734, 30.8820915222168)",47.5117466764225,4874955
E38w,1754667312,2024-04-23T14:32:08Z,2024-04-23,0,2322678811,213593,35.066951751709,30.882080078124996,"c(35.066951751709, 30.882080078125)",42.637254458158864,4874955
E38w,1754667312,2024-04-23T14:42:08Z,2024-04-23,0,2322678811,213593,35.0667419433594,30.8819770812988,"c(35.0667419433594, 30.8819770812988)",22.887845118328777,4874955
E38w,1754667312,2024-04-23T14:52:07Z,2024-04-23,0,2322678811,213593,35.0670547485352,30.882078170776403,"c(35.0670547485352, 30.8820781707764)",52.390139968377895,4874955
E38w,1754667312,2024-04-23T15:02:07Z,2024-04-23,0,2322678811,213593,35.0670585632324,30.881210327148402,"c(35.0670585632324, 30.8812103271484)",104.74400595364823,4874955
E38w,1754667312,2024-04-23T15:12:07Z,2024-04-23,0,2322678811,213593,35.0669364929199,30.8812007904053,"c(35.0669364929199, 30.8812007904053)",100.37758017069405,4874955
E38w,1754667312,2024-04-23T15:22:07Z,2024-04-23,0,2322678811,213593,35.0669479370117,30.8813056945801,"c(35.0669479370117, 30.8813056945801)",90.3758536145093,4874955
E38w,1754667312,2024-04-23T15:32:07Z,2024-04-23,0,2322678811,213593,35.0670394897461,30.881208419799798,"c(35.0670394897461, 30.8812084197998)",104.02718102103948,4874955
E38w,1754667312,2024-04-23T15:42:07Z,2024-04-23,0,2322678811,213593,35.0669097900391,30.8812160491943,"c(35.0669097900391, 30.8812160491943)",97.80796432329224,4874955
E38w,1754667312,2024-04-24T09:42:07Z,2024-04-24,0,2322678811,213593,35.0666084289551,30.882036209106385,"c(35.0666084289551, 30.8820362091064)",9.456608366349034,4874955
E51w,1264167413,2024-04-25T06:40:30Z,2024-04-25,0.555555555555556,2352784184,202379,35.066593170166,30.8820323944092,"c(35.066593170166, 30.8820323944092)",7.968424595041026,4874955
E51w,1264167413,2024-04-25T07:00:29Z,2024-04-25,0,2352784184,202379,35.0666389465332,30.882040023803686,"c(35.0666389465332, 30.8820400238037)",12.402938068893652,4874955
E51w,1264167413,2024-04-25T07:20:30Z,2024-04-25,0,2352784184,202379,35.0666007995606,30.8820285797119,"c(35.0666007995606, 30.8820285797119)",8.683347018893176,4874955
E51w,1264167413,2024-04-25T07:40:30Z,2024-04-25,0,2352784184,202379,35.0666427612305,30.8820152282715,"c(35.0666427612305, 30.8820152282715)",12.77461028922503,4874955
E79w,1264172856,2024-04-25T09:01:59Z,2024-04-25,0,2419997960,202362,35.0664520263672,30.8819789886475,"c(35.0664520263672, 30.8819789886475)",7.763141648453776,4874955
E79w,1264172856,2024-04-25T09:11:59Z,2024-04-25,0,2419997960,202362,35.0665664672852,30.882041931152305,"c(35.0665664672852, 30.8820419311523)",5.616509743364807,4874955
J00w,1732333169,2024-04-25T10:29:35Z,2024-04-25,0.277777777777778,1768058969,213587,35.066520690918,30.88197135925289,"c(35.066520690918, 30.8819713592529)",6.362799087402916,4874955
J00w,1732333169,2024-04-25T10:39:13Z,2024-04-25,0,1768058969,213587,35.0664253234863,30.8819332122803,"c(35.0664253234863, 30.8819332122803)",13.267440910339735,4874955
J06w,1264170958,2024-04-22T09:42:52Z,2024-04-22,0,1277947514,202376,35.0663604736328,30.882062911987305,"c(35.0663604736328, 30.8820629119873)",14.813801801410015,4874955
J06w,1264170958,2024-04-22T10:12:53Z,2024-04-22,0,1277947514,202376,35.0663414001465,30.881986618042,"c(35.0663414001465, 30.881986618042)",16.76326288869956,4874955
J06w,1264170958,2024-04-22T10:22:52Z,2024-04-22,0,1277947514,202376,35.0662422180176,30.882087707519506,"c(35.0662422180176, 30.8820877075195)",26.44971077053368,4874955
J06w,1264170958,2024-04-22T10:32:53Z,2024-04-22,0,1277947514,202376,35.0662384033203,30.882156372070302,"c(35.0662384033203, 30.8821563720703)",29.61701279084295,4874955
J06w,1264170958,2024-04-22T10:42:54Z,2024-04-22,0,1277947514,202376,35.0661964416504,30.882125854492198,"c(35.0661964416504, 30.8821258544922)",31.887937485003015,4874955
J06w,1264170958,2024-04-22T10:52:59Z,2024-04-22,0,1277947514,202376,35.0662612915039,30.882101058960004,"c(35.0662612915039, 30.88210105896)",25.12547204944056,4874955
J06w,1264170958,2024-04-22T11:02:54Z,2024-04-22,0,1277947514,202376,35.0662956237793,30.882112503051808,"c(35.0662956237793, 30.8821125030518)",22.540248761636118,4874955
J06w,1264170958,2024-04-22T11:12:55Z,2024-04-22,0,1277947514,202376,35.0663108825684,30.8821334838867,"c(35.0663108825684, 30.8821334838867)",22.34651198327519,4874955
J06w,1264170958,2024-04-22T11:23:19Z,2024-04-22,0,1277947514,202376,35.0663185119629,30.882011413574205,"c(35.0663185119629, 30.8820114135742)",18.40400490712448,4874955
J06w,1264170958,2024-04-22T11:32:52Z,2024-04-22,0,1277947514,202376,35.0665664672852,30.882007598877,"c(35.0665664672852, 30.882007598877)",5.854566828905068,4874955
J06w,1264170958,2024-04-22T11:42:52Z,2024-04-22,0,1277947514,202376,35.0666084289551,30.882030487060597,"c(35.0666084289551, 30.8820304870606)",9.416742040828657,4874955
J06w,1264170958,2024-04-22T11:52:53Z,2024-04-22,0,1277947514,202376,35.0666389465332,30.8820743560791,"c(35.0666389465332, 30.8820743560791)",13.35938013211709,4874955
J06w,1264170958,2024-04-22T12:02:52Z,2024-04-22,0,1277947514,202376,35.0666770935059,30.8820610046387,"c(35.0666770935059, 30.8820610046387)",16.39272999418392,4874955
J06w,1264170958,2024-04-22T12:13:02Z,2024-04-22,0,1277947514,202376,35.0666580200195,30.882066726684606,"c(35.0666580200195, 30.8820667266846)",14.792000284483056,4874955
J06w,1264170958,2024-04-22T12:22:52Z,2024-04-22,0,1277947514,202376,35.0665321350098,30.88206481933589,"c(35.0665321350098, 30.8820648193359)",4.5985470124712124,4874955
J06w,1264170958,2024-04-22T12:32:52Z,2024-04-22,0,1277947514,202376,35.0666160583496,30.88200378417971,"c(35.0666160583496, 30.8820037841797)",10.491676480043623,4874955
J06w,1264170958,2024-04-22T12:42:52Z,2024-04-22,0,1277947514,202376,35.066593170166,30.8820323944092,"c(35.066593170166, 30.8820323944092)",7.968424595041026,4874955
J06w,1264170958,2024-04-22T12:52:52Z,2024-04-22,0,1277947514,202376,35.0666236877441,30.88199424743649,"c(35.0666236877441, 30.8819942474365)",11.49797337022795,4874955
J06w,1264170958,2024-04-22T13:03:19Z,2024-04-22,0,1277947514,202376,35.0666122436523,30.882007598876996,"c(35.0666122436523, 30.882007598877)",10.03574661438834,4874955
J06w,1264170958,2024-04-22T13:12:52Z,2024-04-22,0,1277947514,202376,35.0666122436523,30.881994247436502,"c(35.0666122436523, 30.8819942474365)",10.46923372513319,4874955
J06w,1264170958,2024-04-22T13:22:52Z,2024-04-22,0,1277947514,202376,35.0667343139648,30.881181716918903,"c(35.0667343139648, 30.8811817169189)",96.25361467339832,4874955
J06w,1264170958,2024-04-22T13:32:52Z,2024-04-22,0,1277947514,202376,35.0667228698731,30.8812236785889,"c(35.0667228698731, 30.8812236785889)",91.47416963205774,4874955
J06w,1264170958,2024-04-22T13:42:52Z,2024-04-22,0.277777777777778,1277947514,202376,35.0666275024414,30.88120841979981,"c(35.0666275024414, 30.8812084197998)",91.564251307926,4874955
J06w,1264170958,2024-04-22T13:52:52Z,2024-04-22,0,1277947514,202376,35.0665855407715,30.881278991699205,"c(35.0665855407715, 30.8812789916992)",83.36098685618603,4874955
J06w,1264170958,2024-04-22T14:02:53Z,2024-04-22,0,1277947514,202376,35.0666084289551,30.881177902221697,"c(35.0666084289551, 30.8811779022217)",94.72466170285978,4874955
J06w,1264170958,2024-04-22T14:12:53Z,2024-04-22,0,1277947514,202376,35.0664176940918,30.8821983337402,"c(35.0664176940918, 30.8821983337402)",20.847055069097753,4874955
J06w,1264170958,2024-04-22T14:22:55Z,2024-04-22,0.277777777777778,1277947514,202376,35.066333770752,30.8822708129883,"c(35.066333770752, 30.8822708129883)",31.76192723739139,4874955
J06w,1264170958,2024-04-22T14:32:54Z,2024-04-22,0,1277947514,202376,35.0666313171387,30.8821125030518,"c(35.0666313171387, 30.8821125030518)",14.91241249807047,4874955
J06w,1264170958,2024-04-22T14:42:53Z,2024-04-22,0,1277947514,202376,35.0666084289551,30.882137298584,"c(35.0666084289551, 30.882137298584)",15.344717189055249,4874955
J06w,1264170958,2024-04-22T14:52:54Z,2024-04-22,0,1277947514,202376,35.0668182373047,30.882049560546903,"c(35.0668182373047, 30.8820495605469)",29.573330875893106,4874955
J06w,1264170958,2024-04-23T07:53:10Z,2024-04-23,0,1277947514,202376,35.0666275024414,30.882026672363295,"c(35.0666275024414, 30.8820266723633)",11.2376544095424,4874955
J06w,1264170958,2024-04-23T08:52:41Z,2024-04-23,0.277777777777778,1277947514,202376,35.0665588378906,30.88197326660159,"c(35.0665588378906, 30.8819732666016)",7.657711102788327,4874955
J06w,1264170958,2024-04-23T09:53:10Z,2024-04-23,0,1277947514,202376,35.0664939880371,30.882036209106392,"c(35.0664939880371, 30.8820362091064)",1.7813130338456047,4874955
J06w,1264170958,2024-04-23T10:52:41Z,2024-04-23,0,1277947514,202376,35.066802978515604,30.882045745849585,"c(35.0668029785156, 30.8820457458496)",28.08636871805278,4874955
J12w,1264171724,2024-04-22T11:02:06Z,2024-04-22,0,1265760722,202369,35.0663452148438,30.881874084472702,"c(35.0663452148438, 30.8818740844727)",23.228423320857075,4874955
J12w,1264171724,2024-04-22T11:12:06Z,2024-04-22,0,1265760722,202369,35.0664024353027,30.881916046142603,"c(35.0664024353027, 30.8819160461426)",16.121192324219678,4874955
J12w,1264171724,2024-04-22T11:22:10Z,2024-04-22,0,1265760722,202369,35.06657409667971,30.88201141357419,"c(35.0665740966797, 30.8820114135742)",6.399469161855968,4874955
J12w,1264171724,2024-04-22T11:32:06Z,2024-04-22,0,1265760722,202369,35.0665817260742,30.8820152282715,"c(35.0665817260742, 30.8820152282715)",7.003775038381968,4874955
J12w,1264171724,2024-04-22T11:42:06Z,2024-04-22,0,1265760722,202369,35.0664749145508,30.88202285766601,"c(35.0664749145508, 30.882022857666)",3.4033014954287695,4874955
J12w,1264171724,2024-04-22T11:52:07Z,2024-04-22,0.277777777777778,1265760722,202369,35.0666885375977,30.882011413574197,"c(35.0666885375977, 30.8820114135742)",17.172207904816386,4874955
J12w,1264171724,2024-04-22T12:02:20Z,2024-04-22,0.277777777777778,1265760722,202369,35.0667495727539,30.881975173950195,"c(35.0667495727539, 30.8819751739502)",23.647074254101565,4874955
J12w,1264171724,2024-04-22T12:12:19Z,2024-04-22,0,1265760722,202369,35.0666198730469,30.88205337524411,"c(35.0666198730469, 30.8820533752441)",10.877265684043852,4874955
J12w,1264171724,2024-04-22T12:22:12Z,2024-04-22,0,1265760722,202369,35.0666084289551,30.882112503051793,"c(35.0666084289551, 30.8821125030518)",13.280985125090929,4874955
J12w,1264171724,2024-04-22T12:32:14Z,2024-04-22,0,1265760722,202369,35.0667228698731,30.8812026977539,"c(35.0667228698731, 30.8812026977539)",93.74354510108219,4874955
J12w,1264171724,2024-04-23T07:32:33Z,2024-04-23,0.555555555555556,1265760722,202369,35.066822052002,30.882154464721708,"c(35.066822052002, 30.8821544647217)",32.97151190692747,4874955
J12w,1264171724,2024-04-23T07:42:33Z,2024-04-23,0,1265760722,202369,35.0664978027344,30.881984710693395,"c(35.0664978027344, 30.8819847106934)",4.9394610975033535,4874955
J12w,1264171724,2024-04-23T07:52:36Z,2024-04-23,0,1265760722,202369,35.0666198730469,30.882051467895494,"c(35.0666198730469, 30.8820514678955)",10.824492091174717,4874955
J12w,1264171724,2024-04-23T08:02:49Z,2024-04-23,0,1265760722,202369,35.0665702819824,30.8820533752441,"c(35.0665702819824, 30.8820533752441)",6.4146701456227895,4874955
J12w,1264171724,2024-04-23T08:12:35Z,2024-04-23,0,1265760722,202369,35.0665588378906,30.88193321228029,"c(35.0665588378906, 30.8819332122803)",11.500715331228074,4874955
J12w,1264171724,2024-04-23T08:22:36Z,2024-04-23,0,1265760722,202369,35.0665626525879,30.882007598877,"c(35.0665626525879, 30.882007598877)",5.519897351786852,4874955
J12w,1264171724,2024-04-23T08:32:36Z,2024-04-23,0,1265760722,202369,35.0665588378906,30.8820514678955,"c(35.0665588378906, 30.8820514678955)",5.3462752677646685,4874955
J12w,1264171724,2024-04-23T08:42:38Z,2024-04-23,0,1265760722,202369,35.0668869018555,30.882047653198203,"c(35.0668869018555, 30.8820476531982)",36.108714961253625,4874955
J12w,1264171724,2024-04-23T08:52:49Z,2024-04-23,0,1265760722,202369,35.0667114257813,30.8818988800049,"c(35.0667114257813, 30.8818988800049)",23.999842731936706,4874955
J12w,1264171724,2024-04-23T09:02:35Z,2024-04-23,0.277777777777778,1265760722,202369,35.0666694641113,30.881872177123995,"c(35.0666694641113, 30.881872177124)",23.044397429163062,4874955
J12w,1264171724,2024-04-23T09:12:41Z,2024-04-23,0,1265760722,202369,35.0666580200195,30.881855010986303,"c(35.0666580200195, 30.8818550109863)",23.838088638355966,4874955
J12w,1264171724,2024-04-23T09:22:43Z,2024-04-23,0,1265760722,202369,35.0665664672852,30.881738662719687,"c(35.0665664672852, 30.8817386627197)",32.531988916211546,4874955
J12w,1264171724,2024-04-23T09:33:04Z,2024-04-23,0,1265760722,202369,35.0665473937988,30.88195228576658,"c(35.0665473937988, 30.8819522857666)",9.124812233376064,4874955
J12w,1264171724,2024-04-23T09:42:33Z,2024-04-23,0,1265760722,202369,35.0667572021484,30.881874084472702,"c(35.0667572021484, 30.8818740844727)",29.15606307716222,4874955
J12w,1264171724,2024-04-23T09:52:33Z,2024-04-23,0,1265760722,202369,35.0667533874512,30.88191223144529,"c(35.0667533874512, 30.8819122314453)",26.579869187939288,4874955
J16w,1264170445,2024-04-25T10:05:05Z,2024-04-25,0,1267471008,202380,35.0665626525879,30.882047653198203,"c(35.0665626525879, 30.8820476531982)",5.486435048530605,4874955
J16w,1264170445,2024-04-25T10:15:05Z,2024-04-25,0,1267471008,202380,35.0665702819824,30.8820571899414,"c(35.0665702819824, 30.8820571899414)",6.611119309478488,4874955
J16w,1264170445,2024-04-25T10:25:05Z,2024-04-25,0,1267471008,202380,35.0665473937988,30.8820571899414,"c(35.0665473937988, 30.8820571899414)",4.8230883193017124,4874955
J16w,1264170445,2024-04-25T10:35:05Z,2024-04-25,0.277777777777778,1267471008,202380,35.0665168762207,30.88210296630859,"c(35.0665168762207, 30.8821029663086)",8.337969034551426,4874955
J16w,1264170445,2024-04-25T10:45:19Z,2024-04-25,0,1267471008,202380,35.0665702819824,30.882177352905302,"c(35.0665702819824, 30.8821773529053)",17.534436798283274,4874955
J16w,1264170445,2024-04-25T11:05:05Z,2024-04-25,0,1267471008,202380,35.0665702819824,30.88215255737311,"c(35.0665702819824, 30.8821525573731)",14.965342400223454,4874955
J17w,1264174392,2024-04-23T12:21:17Z,2024-04-23,0,1267605113,202409,35.0664558410645,30.882297515869098,"c(35.0664558410645, 30.8822975158691)",30.32846182193624,4874955
J17w,1264174392,2024-04-23T12:31:17Z,2024-04-23,0,1267605113,202409,35.0664482116699,30.882305145263697,"c(35.0664482116699, 30.8823051452637)",31.29182141303966,4874955
J17w,1264174392,2024-04-23T12:41:17Z,2024-04-23,0,1267605113,202409,35.066535949707,30.882202148437504,"c(35.066535949707, 30.8822021484375)",19.467772478217366,4874955
J17w,1264174392,2024-04-23T12:51:17Z,2024-04-23,0,1267605113,202409,35.0666809082031,30.8821620941162,"c(35.0666809082031, 30.8821620941162)",22.094683838375882,4874955
J17w,1264174392,2024-04-23T13:01:18Z,2024-04-23,0,1267605113,202409,35.0666236877441,30.882125854492198,"c(35.0666236877441, 30.8821258544922)",15.359532367490344,4874955
J17w,1264174392,2024-04-23T13:11:18Z,2024-04-23,0,1267605113,202409,35.0666580200195,30.88212585449221,"c(35.0666580200195, 30.8821258544922)",17.834883323671328,4874955
J17w,1264174392,2024-04-24T06:52:30Z,2024-04-24,0,1267605113,202409,35.0664825439453,30.8819007873535,"c(35.0664825439453, 30.8819007873535)",14.347183932576351,4874955
J17w,1264174392,2024-04-24T07:02:09Z,2024-04-24,0,1267605113,202409,35.0665397644043,30.881940841674805,"c(35.0665397644043, 30.8819408416748)",10.074268873428979,4874955
J34w,1264171061,2024-04-25T11:36:45Z,2024-04-25,0,1265776742,202377,35.0665588378906,30.88199424743649,"c(35.0665588378906, 30.8819942474365)",5.984761416194976,4874955
J34w,1264171061,2024-04-25T11:56:45Z,2024-04-25,0,1265776742,202377,35.0665321350098,30.882013320922898,"c(35.0665321350098, 30.8820133209229)",2.6701367970487206,4874955
J34w,1264171061,2024-04-25T12:16:45Z,2024-04-25,0,1265776742,202377,35.06652832031251,30.882019042968796,"c(35.0665283203125, 30.8820190429688)",2.0138674435694983,4874955
J34w,1264171061,2024-04-25T12:36:47Z,2024-04-25,0,1265776742,202377,35.066520690918,30.8820343017578,"c(35.066520690918, 30.8820343017578)",1.2383204721977927,4874955
J35w,1264174792,2024-04-24T09:02:57Z,2024-04-24,0.277777777777778,1265772080,202402,35.0665473937988,30.882051467895494,"c(35.0665473937988, 30.8820514678955)",4.422441982738043,4874955
J39w,2372203002,2024-04-22T10:22:18Z,2024-04-22,0,1265782645,225176,35.0664710998535,30.8820533752441,"c(35.0664710998535, 30.8820533752441)",4.664146548166643,4874955
J39w,2372203002,2024-04-22T10:32:40Z,2024-04-22,0,1265782645,225176,35.0664100646973,30.88209724426269,"c(35.0664100646973, 30.8820972442627)",12.258727446834824,4874955
J39w,2372203002,2024-04-22T10:42:12Z,2024-04-22,0,1265782645,225176,35.0663719177246,30.8820743560791,"c(35.0663719177246, 30.8820743560791)",14.16976544301844,4874955
J39w,2372203002,2024-04-22T10:52:11Z,2024-04-22,0,1265782645,225176,35.0663642883301,30.882064819335906,"c(35.0663642883301, 30.8820648193359)",14.520027891905078,4874955
J39w,2372203002,2024-04-22T11:02:12Z,2024-04-22,0,1265782645,225176,35.0665397644043,30.882005691528306,"c(35.0665397644043, 30.8820056915283)",3.7709217013288843,4874955
J39w,2372203002,2024-04-22T11:12:11Z,2024-04-22,0.277777777777778,1265782645,225176,35.0664482116699,30.8820056915283,"c(35.0664482116699, 30.8820056915283)",6.405609734713174,4874955
J39w,2372203002,2024-04-22T11:22:12Z,2024-04-22,0.277777777777778,1265782645,225176,35.0665550231934,30.8820877075195,"c(35.0665550231934, 30.8820877075195)",7.89709942107746,4874955
J39w,2372203002,2024-04-22T11:32:13Z,2024-04-22,0.277777777777778,1265782645,225176,35.06652832031251,30.88210487365721,"c(35.0665283203125, 30.8821048736572)",8.7016701713056,4874955
J39w,2372203002,2024-04-22T11:42:12Z,2024-04-22,0.833333333333333,1265782645,225176,35.0667724609375,30.8820571899414,"c(35.0667724609375, 30.8820571899414)",25.30679319986454,4874955
J39w,2372203002,2024-04-22T11:52:12Z,2024-04-22,0.277777777777778,1265782645,225176,35.066650390625,30.882123947143604,"c(35.066650390625, 30.8821239471436)",17.129395192189055,4874955
J39w,2372203002,2024-04-22T12:02:12Z,2024-04-22,0,1265782645,225176,35.0669174194336,30.882072448730497,"c(35.0669174194336, 30.8820724487305)",39.271738537644495,4874955
J39w,2372203002,2024-04-22T12:12:12Z,2024-04-22,0.277777777777778,1265782645,225176,35.066780090332,30.8819561004639,"c(35.066780090332, 30.8819561004639)",27.03087900058518,4874955
J39w,2372203002,2024-04-22T12:22:12Z,2024-04-22,0,1265782645,225176,35.0670509338379,30.8821430206299,"c(35.0670509338379, 30.8821430206299)",53.278019663942814,4874955
J39w,2372203002,2024-04-22T12:32:13Z,2024-04-22,0,1265782645,225176,35.0669937133789,30.882083892822287,"c(35.0669937133789, 30.8820838928223)",46.67050093726214,4874955
J39w,2372203002,2024-04-22T12:42:13Z,2024-04-22,0.277777777777778,1265782645,225176,35.0669898986816,30.882089614868207,"c(35.0669898986816, 30.8820896148682)",46.39812082752997,4874955
J39w,2372203002,2024-04-22T12:52:15Z,2024-04-22,0.277777777777778,1265782645,225176,35.0670471191406,30.88206481933589,"c(35.0670471191406, 30.8820648193359)",51.52636378742466,4874955
J39w,2372203002,2024-04-22T13:02:13Z,2024-04-22,0.277777777777778,1265782645,225176,35.0672798156738,30.882009506225607,"c(35.0672798156738, 30.8820095062256)",73.6455957373204,4874955
J39w,2372203002,2024-04-22T13:12:12Z,2024-04-22,0,1265782645,225176,35.0663414001465,30.882120132446293,"c(35.0663414001465, 30.8821201324463)",19.08682830564554,4874955
J39w,2372203002,2024-04-22T13:22:15Z,2024-04-22,0.277777777777778,1265782645,225176,35.0670471191406,30.881223678588892,"c(35.0670471191406, 30.8812236785889)",102.91478329690328,4874955
J39w,2372203002,2024-04-22T13:32:23Z,2024-04-22,0.833333333333333,1265782645,225176,35.0667381286621,30.8812408447266,"c(35.0667381286621, 30.8812408447266)",89.96225290959678,4874955
J39w,2372203002,2024-04-22T13:42:19Z,2024-04-22,0.277777777777778,1265782645,225176,35.0666923522949,30.881338119506804,"c(35.0666923522949, 30.8813381195068)",78.45409758529223,4874955
J39w,2372203002,2024-04-22T13:52:32Z,2024-04-22,0,1265782645,225176,35.0667037963867,30.881271362304695,"c(35.0667037963867, 30.8812713623047)",85.91594091384697,4874955
J39w,2372203002,2024-04-22T14:02:19Z,2024-04-22,0.277777777777778,1265782645,225176,35.0663986206055,30.8821105957031,"c(35.0663986206055, 30.8821105957031)",14.046860958868919,4874955
J39w,2372203002,2024-04-22T14:12:23Z,2024-04-22,0,1265782645,225176,35.0667343139648,30.8821353912354,"c(35.0667343139648, 30.8821353912354)",24.534180210420754,4874955
J39w,2372203002,2024-04-22T14:22:24Z,2024-04-22,0,1265782645,225176,35.0688056945801,30.882251739502006,"c(35.0688056945801, 30.882251739502)",220.93296496322586,4874955
J39w,2372203002,2024-04-22T14:32:13Z,2024-04-22,0.277777777777778,1265782645,225176,35.066577911377,30.8822231292725,"c(35.066577911377, 30.8822231292725)",22.58893471158739,4874955
J39w,2372203002,2024-04-22T14:42:19Z,2024-04-22,0.277777777777778,1265782645,225176,35.0666656494141,30.88219642639159,"c(35.0666656494141, 30.8821964263916)",23.88075872355052,4874955
J39w,2372203002,2024-04-22T14:52:27Z,2024-04-22,0,1265782645,225176,35.0667610168457,30.88227844238279,"c(35.0667610168457, 30.8822784423828)",36.705452735487725,4874955
J39w,2372203002,2024-04-23T06:42:34Z,2024-04-23,0.555555555555556,1265782645,225176,35.0671920776367,30.880249023437507,"c(35.0671920776367, 30.8802490234375)",207.75186115572427,4874955
J39w,2372203002,2024-04-23T06:52:49Z,2024-04-23,0,1265782645,225176,35.0664787292481,30.881942749023402,"c(35.0664787292481, 30.8819427490234)",9.914080964315882,4874955
J39w,2372203002,2024-04-23T07:02:34Z,2024-04-23,0,1265782645,225176,35.0665245056152,30.88191413879401,"c(35.0665245056152, 30.881914138794)",12.700508889359767,4874955
J39w,2372203002,2024-04-23T07:12:34Z,2024-04-23,0,1265782645,225176,35.0664329528809,30.881893157958995,"c(35.0664329528809, 30.881893157959)",16.667745392533863,4874955
J39w,2372203002,2024-04-23T07:22:39Z,2024-04-23,0,1265782645,225176,35.066650390625,30.882263183593803,"c(35.066650390625, 30.8822631835938)",29.32946824814806,4874955
J39w,2372203002,2024-04-23T07:32:49Z,2024-04-23,0,1265782645,225176,35.0665702819824,30.882081985473594,"c(35.0665702819824, 30.8820819854736)",8.310290549981094,4874955
J39w,2372203002,2024-04-23T07:42:34Z,2024-04-23,0,1265782645,225176,35.066577911377,30.88202667236331,"c(35.066577911377, 30.8820266723633)",6.49599355937047,4874955
J39w,2372203002,2024-04-23T07:52:58Z,2024-04-23,0,1265782645,225176,35.0665702819824,30.882017135620092,"c(35.0665702819824, 30.8820171356201)",5.889244137859614,4874955
J39w,2372203002,2024-04-23T08:02:32Z,2024-04-23,0,1265782645,225176,35.0666313171387,30.881982803344705,"c(35.0666313171387, 30.8819828033447)",12.637529633899206,4874955
J39w,2372203002,2024-04-23T08:12:32Z,2024-04-23,0,1265782645,225176,35.0665969848633,30.882007598876996,"c(35.0665969848633, 30.882007598877)",8.620382285167219,4874955
J39w,2372203002,2024-04-23T08:22:31Z,2024-04-23,0,1265782645,225176,35.0666198730469,30.882051467895494,"c(35.0666198730469, 30.8820514678955)",10.824492091174717,4874955
J39w,2372203002,2024-04-23T08:32:32Z,2024-04-23,0,1265782645,225176,35.0667686462402,30.881996154785185,"c(35.0667686462402, 30.8819961547852)",24.98494600965507,4874955
J39w,2372203002,2024-04-23T08:42:31Z,2024-04-23,0,1265782645,225176,35.0668411254883,30.881988525390604,"c(35.0668411254883, 30.8819885253906)",31.966397446761885,4874955
J39w,2372203002,2024-04-23T08:52:31Z,2024-04-23,0,1265782645,225176,35.066520690918,30.8820037841797,"c(35.066520690918, 30.8820037841797)",2.8730240904071573,4874955
J39w,2372203002,2024-04-23T09:02:32Z,2024-04-23,0,1265782645,225176,35.0665817260742,30.882019042968796,"c(35.0665817260742, 30.8820190429688)",6.930646716895165,4874955
J39w,2372203002,2024-04-24T11:00:20Z,2024-04-24,0,1265782645,225176,35.0666122436523,30.882055282592802,"c(35.0666122436523, 30.8820552825928)",10.234750044856126,4874955
J39w,2372203002,2024-04-25T09:16:43Z,2024-04-25,0,1265782645,225176,35.0664939880371,30.8819847106934,"c(35.0664939880371, 30.8819847106934)",5.038091418738584,4874955
J39w,2372203002,2024-04-25T09:26:43Z,2024-04-25,0,1265782645,225176,35.0665245056152,30.881965637207003,"c(35.0665245056152, 30.881965637207)",7.0523361862560785,4874955
T13b,1754667274,2024-04-23T12:02:24Z,2024-04-23,0,1769718743,213573,35.0665817260742,30.882123947143597,"c(35.0665817260742, 30.8821239471436)",12.657824571463289,4874955
T13b,1754667274,2024-04-23T12:12:24Z,2024-04-23,0,1769718743,213573,35.0666046142578,30.8820972442627,"c(35.0666046142578, 30.8820972442627)",11.866316463028669,4874955
T13b,1754667274,2024-04-23T12:32:40Z,2024-04-23,0,1769718743,213573,35.0665588378906,30.882017135620092,"c(35.0665588378906, 30.8820171356201)",4.823187726820557,4874955
T13b,1754667274,2024-04-23T12:52:17Z,2024-04-23,0,1769718743,213573,35.0667915344238,30.88199234008791,"c(35.0667915344238, 30.8819923400879)",27.21175678145958,4874955
T13b,1754667274,2024-04-23T13:12:16Z,2024-04-23,0,1769718743,213573,35.0665969848633,30.882047653198203,"c(35.0665969848633, 30.8820476531982)",8.59899268789925,4874955
T13b,1754667274,2024-04-25T11:17:02Z,2024-04-25,0,1769718743,213573,35.066577911377,30.88201141357419,"c(35.066577911377, 30.8820114135742)",6.749692872764833,4874955
T13w,1264171333,2024-04-24T15:52:47Z,2024-04-24,0,2352853690,202385,35.0666084289551,30.882080078125,"c(35.0666084289551, 30.882080078125)",11.042679621952221,4874955
T13w,1264171333,2024-04-25T03:30:10Z,2024-04-25,0,2352853690,202385,35.0666618347168,30.882040023803697,"c(35.0666618347168, 30.8820400238037)",14.580939081435437,4874955
T13w,1264171333,2024-04-25T03:40:10Z,2024-04-25,0,2352853690,202385,35.0666313171387,30.881980895996108,"c(35.0666313171387, 30.8819808959961)",12.722870698188709,4874955
T13w,1264171333,2024-04-25T03:50:10Z,2024-04-25,0,2352853690,202385,35.0666084289551,30.8820285797119,"c(35.0666084289551, 30.8820285797119)",9.412923150436745,4874955
T13w,1264171333,2024-04-25T04:00:10Z,2024-04-25,0,2352853690,202385,35.0666618347168,30.882059097289986,"c(35.0666618347168, 30.88205909729)",14.923633855763264,4874955
T13w,1264171333,2024-04-25T04:10:10Z,2024-04-25,0,2352853690,202385,35.0666160583496,30.88202285766601,"c(35.0666160583496, 30.882022857666)",10.15831221242831,4874955
T13w,1264171333,2024-04-25T04:20:09Z,2024-04-25,0,2352853690,202385,35.0665969848633,30.882055282592802,"c(35.0665969848633, 30.8820552825928)",8.851265569157098,4874955
T13w,1264171333,2024-04-25T04:30:09Z,2024-04-25,0,2352853690,202385,35.06655120849611,30.8820972442627,"c(35.0665512084961, 30.8820972442627)",8.629853349878314,4874955
T13w,1264171333,2024-04-25T04:40:10Z,2024-04-25,0,2352853690,202385,35.0667457580566,30.882024765014698,"c(35.0667457580566, 30.8820247650147)",22.5482599528251,4874955
T13w,1264171333,2024-04-25T04:50:12Z,2024-04-25,0,2352853690,202385,35.0669174194336,30.8823394775391,"c(35.0669174194336, 30.8823394775391)",52.064189984242795,4874955
T13w,1264171333,2024-04-25T05:00:12Z,2024-04-25,0,2352853690,202385,35.0668296813965,30.882404327392592,"c(35.0668296813965, 30.8824043273926)",51.726454710484816,4874955
T13w,1264171333,2024-04-25T05:10:12Z,2024-04-25,0,2352853690,202385,35.0669174194336,30.882341384887695,"c(35.0669174194336, 30.8823413848877)",52.20470982330063,4874955
T13w,1264171333,2024-04-25T05:20:15Z,2024-04-25,0,2352853690,202385,35.0669288635254,30.8823223114014,"c(35.0669288635254, 30.8823223114014)",51.66540097140998,4874955
T13w,1264171333,2024-04-25T05:30:16Z,2024-04-25,0,2352853690,202385,35.0669250488281,30.8822860717773,"c(35.0669250488281, 30.8822860717773)",48.92982632704405,4874955
T13w,1264171333,2024-04-25T05:40:12Z,2024-04-25,0,2352853690,202385,35.0668907165527,30.882326126098604,"c(35.0668907165527, 30.8823261260986)",49.17480248023463,4874955
T13w,1264171333,2024-04-25T05:50:12Z,2024-04-25,0,2352853690,202385,35.0668678283691,30.882324218750007,"c(35.0668678283691, 30.88232421875)",47.43035908830117,4874955
T13w,1264171333,2024-04-25T06:00:15Z,2024-04-25,0,2352853690,202385,35.0669212341309,30.8823432922363,"c(35.0669212341309, 30.8823432922363)",52.61779126587437,4874955
T13w,1264171333,2024-04-25T06:10:12Z,2024-04-25,0,2352853690,202385,35.0671043395996,30.882274627685607,"c(35.0671043395996, 30.8822746276856)",63.07236846967358,4874955
T13w,1264171333,2024-04-25T06:20:24Z,2024-04-25,0,2352853690,202385,35.0668830871582,30.882350921630906,"c(35.0668830871582, 30.8823509216309)",50.545813011946386,4874955
T13w,1264171333,2024-04-25T06:30:27Z,2024-04-25,0,2352853690,202385,35.0668754577637,30.882350921630906,"c(35.0668754577637, 30.8823509216309)",50.03349450081379,4874955
T13w,1264171333,2024-04-25T06:40:40Z,2024-04-25,0,2352853690,202385,35.0669441223145,30.8822689056397,"c(35.0669441223145, 30.8822689056397)",49.36542385317004,4874955
T13w,1264171333,2024-04-25T06:50:12Z,2024-04-25,0,2352853690,202385,35.0669288635254,30.8822917938232,"c(35.0669288635254, 30.8822917938232)",49.59767577877704,4874955
T13w,1264171333,2024-04-25T07:00:12Z,2024-04-25,0,2352853690,202385,35.0669403076172,30.882257461547898,"c(35.0669403076172, 30.8822574615479)",48.379891526542835,4874955
T13w,1264171333,2024-04-25T07:10:12Z,2024-04-25,0,2352853690,202385,35.0669441223145,30.882251739502,"c(35.0669441223145, 30.882251739502)",48.3620686364841,4874955
T13w,1264171333,2024-04-25T07:20:12Z,2024-04-25,0,2352853690,202385,35.0669174194336,30.882207870483402,"c(35.0669174194336, 30.8822078704834)",43.76892045654042,4874955
T15w,1735941827,2024-04-22T11:11:55Z,2024-04-22,0,1767970797,213590,35.0666961669922,30.881938934326197,"c(35.0666961669922, 30.8819389343262)",20.35853334785221,4874955
T15w,1735941827,2024-04-22T11:21:55Z,2024-04-22,0,1767970797,213590,35.06655120849611,30.881969451904304,"c(35.0665512084961, 30.8819694519043)",7.594104449999451,4874955
T15w,1735941827,2024-04-22T11:31:57Z,2024-04-22,0.277777777777778,1767970797,213590,35.0667686462402,30.881969451904304,"c(35.0667686462402, 30.8819694519043)",25.571888831534157,4874955
T15w,1735941827,2024-04-22T11:41:57Z,2024-04-22,0.555555555555556,1767970797,213590,35.0668296813965,30.882106781005895,"c(35.0668296813965, 30.8821067810059)",31.79436421505598,4874955
T15w,1735941827,2024-04-22T11:51:55Z,2024-04-22,0,1767970797,213590,35.0666122436523,30.882125854492198,"c(35.0666122436523, 30.8821258544922)",14.605366414618572,4874955
T15w,1735941827,2024-04-22T12:01:57Z,2024-04-22,0.277777777777778,1767970797,213590,35.0666351318359,30.882034301757805,"c(35.0666351318359, 30.8820343017578)",11.986666189363158,4874955
T15w,1735941827,2024-04-22T12:11:57Z,2024-04-22,0.277777777777778,1767970797,213590,35.0667724609375,30.882164001464805,"c(35.0667724609375, 30.8821640014648)",29.2804622187387,4874955
T15w,1735941827,2024-04-22T12:21:57Z,2024-04-22,0,1767970797,213590,35.0668601989746,30.8824481964111,"c(35.0668601989746, 30.8824481964111)",57.377247980218726,4874955
T15w,1735941827,2024-04-22T12:31:58Z,2024-04-22,0.277777777777778,1767970797,213590,35.067008972168,30.882234573364304,"c(35.067008972168, 30.8822345733643)",52.92873637147084,4874955
T15w,1735941827,2024-04-22T12:41:57Z,2024-04-22,0,1767970797,213590,35.0669593811035,30.882034301757795,"c(35.0669593811035, 30.8820343017578)",42.97973548402591,4874955
T15w,1735941827,2024-04-22T12:51:57Z,2024-04-22,0,1767970797,213590,35.0670471191406,30.882076263427702,"c(35.0670471191406, 30.8820762634277)",51.64238628354222,4874955
T15w,1735941827,2024-04-22T13:01:57Z,2024-04-22,0,1767970797,213590,35.0669250488281,30.881946563720703,"c(35.0669250488281, 30.8819465637207)",40.70499771479118,4874955
T15w,1735941827,2024-04-22T13:11:57Z,2024-04-22,0,1767970797,213590,35.0667877197266,30.881942749023402,"c(35.0667877197266, 30.8819427490234)",28.190138051620607,4874955
T15w,1735941827,2024-04-22T13:31:57Z,2024-04-22,0,1767970797,213590,35.0673065185547,30.880371093750004,"c(35.0673065185547, 30.88037109375)",198.87717696108228,4874955
T15w,1735941827,2024-04-22T13:41:57Z,2024-04-22,0,1767970797,213590,35.0672302246094,30.88034439086911,"c(35.0672302246094, 30.8803443908691)",198.9735553826952,4874955
T15w,1735941827,2024-04-22T13:51:57Z,2024-04-22,0,1767970797,213590,35.0673637390137,30.8803443908691,"c(35.0673637390137, 30.8803443908691)",203.7456800324168,4874955
T15w,1735941827,2024-04-22T14:01:57Z,2024-04-22,0,1767970797,213590,35.0674133300781,30.880384445190398,"c(35.0674133300781, 30.8803844451904)",201.67009769394096,4874955
T15w,1735941827,2024-04-22T14:11:57Z,2024-04-22,0,1767970797,213590,35.0673141479492,30.880409240722706,"c(35.0673141479492, 30.8804092407227)",195.26301270522575,4874955
T15w,1735941827,2024-04-22T14:21:57Z,2024-04-22,0,1767970797,213590,35.0671463012695,30.880554199218803,"c(35.0671463012695, 30.8805541992188)",174.3715687665541,4874955
T15w,1735941827,2024-04-22T14:31:57Z,2024-04-22,0.277777777777778,1767970797,213590,35.066707611084,30.881996154785195,"c(35.066707611084, 30.8819961547852)",19.22447028329611,4874955
T15w,1735941827,2024-04-22T14:41:57Z,2024-04-22,0,1767970797,213590,35.0667495727539,30.882013320922894,"c(35.0667495727539, 30.8820133209229)",22.967944746763425,4874955
T15w,1735941827,2024-04-22T14:51:57Z,2024-04-22,0,1767970797,213590,35.0666313171387,30.882108688354506,"c(35.0666313171387, 30.8821086883545)",14.650364549425362,4874955
T15w,1735941827,2024-04-23T06:52:53Z,2024-04-23,0,1767970797,213590,35.0669631958008,30.8821048736572,"c(35.0669631958008, 30.8821048736572)",44.16904473665299,4874955
T15w,1735941827,2024-04-23T07:02:53Z,2024-04-23,0,1767970797,213590,35.0670547485352,30.8822650909424,"c(35.0670547485352, 30.8822650909424)",58.35088777377534,4874955
T15w,1735941827,2024-04-23T07:12:53Z,2024-04-23,0,1767970797,213590,35.0669136047363,30.882211685180703,"c(35.0669136047363, 30.8822116851807)",43.64029043295718,4874955
T15w,1735941827,2024-04-23T07:22:53Z,2024-04-23,0,1767970797,213590,35.066780090332,30.8821029663086,"c(35.066780090332, 30.8821029663086)",27.13308841359116,4874955
T15w,1735941827,2024-04-23T07:32:53Z,2024-04-23,0,1767970797,213590,35.0668067932129,30.88212203979491,"c(35.0668067932129, 30.8821220397949)",30.236808626708743,4874955
T15w,1735941827,2024-04-23T07:42:53Z,2024-04-23,0.277777777777778,1767970797,213590,35.0671539306641,30.881845474243196,"c(35.0671539306641, 30.8818454742432)",64.81909719327892,4874955
T15w,1735941827,2024-04-23T07:52:53Z,2024-04-23,0,1767970797,213590,35.0670471191406,30.882150650024403,"c(35.0670471191406, 30.8821506500244)",53.134082385530135,4874955
T15w,1735941827,2024-04-23T08:02:53Z,2024-04-23,0,1767970797,213590,35.0669097900391,30.8820285797119,"c(35.0669097900391, 30.8820285797119)",38.231745482982376,4874955
T15w,1735941827,2024-04-23T08:12:53Z,2024-04-23,0,1767970797,213590,35.0670700073242,30.8820571899414,"c(35.0670700073242, 30.8820571899414)",53.65088118239624,4874955
T15w,1735941827,2024-04-23T08:22:54Z,2024-04-23,0,1767970797,213590,35.0671043395996,30.8821411132813,"c(35.0671043395996, 30.8821411132813)",58.20360333343577,4874955
T15w,1735941827,2024-04-23T08:32:54Z,2024-04-23,0,1767970797,213590,35.0670356750488,30.882291793823207,"c(35.0670356750488, 30.8822917938232)",58.15963298543022,4874955
T15w,1735941827,2024-04-23T08:42:53Z,2024-04-23,0,1767970797,213590,35.0669708251953,30.882343292236307,"c(35.0669708251953, 30.8823432922363)",56.250493721174834,4874955
T15w,1735941827,2024-04-23T08:52:53Z,2024-04-23,0.277777777777778,1767970797,213590,35.0670700073242,30.882257461547905,"c(35.0670700073242, 30.8822574615479)",59.28934126607508,4874955
T15w,1735941827,2024-04-23T09:02:53Z,2024-04-23,0,1767970797,213590,35.0670776367188,30.88253402709959,"c(35.0670776367188, 30.8825340270996)",78.06756069838754,4874955
T15w,1735941827,2024-04-23T09:12:53Z,2024-04-23,0,1767970797,213590,35.0670013427734,30.882402420043892,"c(35.0670013427734, 30.8824024200439)",62.69925698653965,4874955
T15w,1735941827,2024-04-23T09:22:53Z,2024-04-23,0,1767970797,213590,35.0670166015625,30.882335662841804,"c(35.0670166015625, 30.8823356628418)",59.250963664772854,4874955
T15w,1735941827,2024-04-23T09:32:53Z,2024-04-23,0,1767970797,213590,35.0670013427734,30.882396697997994,"c(35.0670013427734, 30.882396697998)",62.28099778091928,4874955
T15w,1735941827,2024-04-23T09:42:53Z,2024-04-23,0,1767970797,213590,35.0669212341309,30.882337570190394,"c(35.0669212341309, 30.8823375701904)",52.198433036594636,4874955
T15w,1735941827,2024-04-23T09:52:53Z,2024-04-23,0,1767970797,213590,35.0668716430664,30.882289886474602,"c(35.0668716430664, 30.8822898864746)",45.15728652626334,4874955
T90b,1732332260,2024-04-22T09:21:55Z,2024-04-22,3.05555555555556,1768057663,213563,35.0667190551758,30.880002975463903,"c(35.0667190551758, 30.8800029754639)",225.41582951361994,4874955
T90b,1732332260,2024-04-22T10:21:55Z,2024-04-22,0,1768057663,213563,35.0662612915039,30.8821411132813,"c(35.0662612915039, 30.8821411132813)",26.887960815937046,4874955
T90b,1732332260,2024-04-22T10:31:56Z,2024-04-22,0,1768057663,213563,35.066276550293,30.882148742675803,"c(35.066276550293, 30.8821487426758)",26.031047339948966,4874955
T90b,1732332260,2024-04-22T10:42:00Z,2024-04-22,0,1768057663,213563,35.0662498474121,30.8821678161621,"c(35.0662498474121, 30.8821678161621)",29.312928960082285,4874955
T90b,1732332260,2024-04-22T10:51:54Z,2024-04-22,0.277777777777778,1768057663,213563,35.0662117004395,30.882474899291996,"c(35.0662117004395, 30.882474899292)",57.17520425013629,4874955
T90b,1732332260,2024-04-22T11:02:02Z,2024-04-22,0,1768057663,213563,35.0661735534668,30.882127761840803,"c(35.0661735534668, 30.8821277618408)",34.02246306025805,4874955
T90b,1732332260,2024-04-22T11:12:09Z,2024-04-22,0,1768057663,213563,35.0662612915039,30.8821411132813,"c(35.0662612915039, 30.8821411132813)",26.887960815937046,4874955
T90b,1732332260,2024-04-22T11:22:07Z,2024-04-22,0,1768057663,213563,35.0663108825684,30.882150650024403,"c(35.0663108825684, 30.8821506500244)",23.398940543275838,4874955
T90b,1732332260,2024-04-22T11:31:55Z,2024-04-22,0,1768057663,213563,35.0665321350098,30.8821716308594,"c(35.0665321350098, 30.8821716308594)",16.065343546693555,4874955
T90b,1732332260,2024-04-22T11:42:19Z,2024-04-22,0,1768057663,213563,35.0665664672852,30.882007598877,"c(35.0665664672852, 30.882007598877)",5.854566828905068,4874955
T90b,1732332260,2024-04-22T11:51:55Z,2024-04-22,0,1768057663,213563,35.0665969848633,30.882080078125007,"c(35.0665969848633, 30.882080078125)",10.126011276934813,4874955
T90b,1732332260,2024-04-22T12:01:54Z,2024-04-22,0.277777777777778,1768057663,213563,35.0666198730469,30.882019042968796,"c(35.0666198730469, 30.8820190429688)",10.55392643625077,4874955
T90b,1732332260,2024-04-22T12:11:55Z,2024-04-22,0,1768057663,213563,35.0666313171387,30.8820533752441,"c(35.0666313171387, 30.8820533752441)",11.937770147295542,4874955
T90b,1732332260,2024-04-22T12:21:54Z,2024-04-22,0,1768057663,213563,35.0666618347168,30.88202667236331,"c(35.0666618347168, 30.8820266723633)",14.52061208838066,4874955
T90b,1732332260,2024-04-22T12:31:54Z,2024-04-22,0,1768057663,213563,35.066650390625,30.882118225097692,"c(35.066650390625, 30.8821182250977)",16.74275958299911,4874955
T90b,1732332260,2024-04-22T12:41:54Z,2024-04-22,0,1768057663,213563,35.066577911377,30.8820056915283,"c(35.066577911377, 30.8820056915283)",6.9494171023044045,4874955
T90b,1732332260,2024-04-22T12:51:58Z,2024-04-22,0,1768057663,213563,35.0667190551758,30.881950378418,"c(35.0667190551758, 30.881950378418)",21.765652829098403,4874955
T90b,1732332260,2024-04-22T13:02:19Z,2024-04-22,0,1768057663,213563,35.0666809082031,30.881910324096705,"c(35.0666809082031, 30.8819103240967)",20.913124787366694,4874955
T90b,1732332260,2024-04-22T13:11:54Z,2024-04-22,0,1768057663,213563,35.0667037963867,30.881902694702188,"c(35.0667037963867, 30.8819026947022)",23.16216432942136,4874955
T90b,1732332260,2024-04-22T13:21:54Z,2024-04-22,4.72222222222222,1768057663,213563,35.0666694641113,30.881206512451197,"c(35.0666694641113, 30.8812065124512)",92.35137272910767,4874955
T90b,1732332260,2024-04-22T13:31:53Z,2024-04-22,0,1768057663,213563,35.0667190551758,30.881172180175792,"c(35.0667190551758, 30.8811721801758)",96.97340225033396,4874955
T90b,1732332260,2024-04-22T13:41:53Z,2024-04-22,0,1768057663,213563,35.0665817260742,30.881217956542994,"c(35.0665817260742, 30.881217956543)",90.07628570998703,4874955
T90b,1732332260,2024-04-22T13:52:07Z,2024-04-22,0,1768057663,213563,35.0666198730469,30.881164550781296,"c(35.0666198730469, 30.8811645507813)",96.31105084230987,4874955
T90b,1732332260,2024-04-22T14:02:19Z,2024-04-22,0,1768057663,213563,35.0666007995606,30.881162643432596,"c(35.0666007995606, 30.8811626434326)",96.3397776678674,4874955
T90b,1732332260,2024-04-22T14:11:53Z,2024-04-22,0,1768057663,213563,35.0666007995606,30.881204605102496,"c(35.0666007995606, 30.8812046051025)",91.70711121133427,4874955
T90b,1732332260,2024-04-22T14:21:55Z,2024-04-22,0.277777777777778,1768057663,213563,35.0664901733398,30.881143569946293,"c(35.0664901733398, 30.8811435699463)",98.08079752010855,4874955
T90b,1732332260,2024-04-22T14:31:55Z,2024-04-22,0,1768057663,213563,35.0666122436523,30.8811626434326,"c(35.0666122436523, 30.8811626434326)",96.44457544754927,4874955
T90b,1732332260,2024-04-22T14:42:15Z,2024-04-22,0.277777777777778,1768057663,213563,35.0666046142578,30.8812732696533,"c(35.0666046142578, 30.8812732696533)",84.16955345253855,4874955
T90b,1732332260,2024-04-22T14:52:28Z,2024-04-22,0,1768057663,213563,35.0666770935059,30.8812198638916,"c(35.0666770935059, 30.8812198638916)",91.01691412805525,4874955
T90b,1732332260,2024-04-23T06:41:55Z,2024-04-23,0.555555555555556,1768057663,213563,35.0671119689941,30.8803272247314,"c(35.0671119689941, 30.8803272247314)",197.16689940174288,4874955
T90b,1732332260,2024-04-23T06:52:19Z,2024-04-23,0,1768057663,213563,35.0663986206055,30.881959915161104,"c(35.0663986206055, 30.8819599151611)",13.055055937091867,4874955
T90b,1732332260,2024-04-23T07:01:55Z,2024-04-23,0,1768057663,213563,35.0665969848633,30.8819808959961,"c(35.0665969848633, 30.8819808959961)",9.821975721723144,4874955
T90b,1732332260,2024-04-23T07:11:57Z,2024-04-23,0,1768057663,213563,35.0666046142578,30.882026672363303,"c(35.0666046142578, 30.8820266723633)",9.049103865742918,4874955
T90b,1732332260,2024-04-23T07:21:55Z,2024-04-23,0,1768057663,213563,35.0666770935059,30.882062911987298,"c(35.0666770935059, 30.8820629119873)",16.44123206372988,4874955
T90b,1732332260,2024-04-23T07:31:55Z,2024-04-23,0,1768057663,213563,35.0666694641113,30.882123947143604,"c(35.0666694641113, 30.8821239471436)",18.59351556942263,4874955
T90b,1732332260,2024-04-23T07:41:55Z,2024-04-23,0.555555555555556,1768057663,213563,35.0666198730469,30.881969451904304,"c(35.0666198730469, 30.8819694519043)",12.350711409943408,4874955
T90b,1732332260,2024-04-23T07:52:00Z,2024-04-23,0,1768057663,213563,35.0667915344238,30.8818168640137,"c(35.0667915344238, 30.8818168640137)",35.67739939792877,4874955
T90b,1732332260,2024-04-23T08:01:59Z,2024-04-23,0,1768057663,213563,35.0666542053223,30.88195419311519,"c(35.0666542053223, 30.8819541931152)",16.035601784346632,4874955
T90b,1732332260,2024-04-23T08:12:19Z,2024-04-23,0,1768057663,213563,35.0668525695801,30.881958007812486,"c(35.0668525695801, 30.8819580078125)",33.66639194268236,4874955
T90b,1732332260,2024-04-23T08:21:55Z,2024-04-23,0,1768057663,213563,35.0667991638184,30.8819122314453,"c(35.0667991638184, 30.8819122314453)",30.486531610010413,4874955
T90b,1732332260,2024-04-23T08:31:58Z,2024-04-23,0,1768057663,213563,35.0666656494141,30.882072448730497,"c(35.0666656494141, 30.8820724487305)",15.679330807975044,4874955
T90b,1732332260,2024-04-23T08:41:55Z,2024-04-23,0,1768057663,213563,35.0667266845703,30.882047653198196,"c(35.0667266845703, 30.8820476531982)",20.835679396807674,4874955
T90b,1732332260,2024-04-23T08:52:19Z,2024-04-23,0,1768057663,213563,35.0665245056152,30.881982803344705,"c(35.0665245056152, 30.8819828033447)",5.199692574525452,4874955
T90b,1732332260,2024-04-23T09:01:55Z,2024-04-23,0,1768057663,213563,35.0666275024414,30.881917953491204,"c(35.0666275024414, 30.8819179534912)",16.587393111334436,4874955
T90b,1732332260,2024-04-23T09:11:55Z,2024-04-23,0,1768057663,213563,35.0666389465332,30.8818702697754,"c(35.0666389465332, 30.8818702697754)",21.398736098906692,4874955
T90b,1732332260,2024-04-23T09:21:55Z,2024-04-23,0,1768057663,213563,35.0666007995606,30.8818836212158,"c(35.0666007995606, 30.8818836212158)",18.211514412857667,4874955
T90b,1732332260,2024-04-23T09:31:56Z,2024-04-23,0,1768057663,213563,35.0667266845703,30.881944656372095,"c(35.0667266845703, 30.8819446563721)",22.688562612329594,4874955
T90b,1732332260,2024-04-23T09:41:56Z,2024-04-23,0,1768057663,213563,35.0667495727539,30.881950378417994,"c(35.0667495727539, 30.881950378418)",24.47341627117714,4874955
T90b,1732332260,2024-04-23T09:51:55Z,2024-04-23,0,1768057663,213563,35.0667304992676,30.8820037841797,"c(35.0667304992676, 30.8820037841797)",21.256474470421292,4874955
T90b,1732332260,2024-04-24T08:51:44Z,2024-04-24,0,1768057663,213563,35.0665817260742,30.882040023803697,"c(35.0665817260742, 30.8820400238037)",6.987479206350382,4874955
Y26b,1732335705,2024-04-23T12:01:25Z,2024-04-23,0,1768017540,213592,35.0666809082031,30.882093429565405,"c(35.0666809082031, 30.8820934295654)",17.8815697151119,4874955
Y26b,1732335705,2024-04-23T12:21:25Z,2024-04-23,0,1768017540,213592,35.0666847229004,30.882045745849595,"c(35.0666847229004, 30.8820457458496)",16.82410054795535,4874955
Y26b,1732335705,2024-04-23T12:41:28Z,2024-04-23,0,1768017540,213592,35.0667953491211,30.8819789886475,"c(35.0667953491211, 30.8819789886475)",27.82361323529882,4874955
Y26b,1732335705,2024-04-23T13:01:35Z,2024-04-23,0,1768017540,213592,35.0666389465332,30.882144927978505,"c(35.0666389465332, 30.8821449279785)",17.892323691022806,4874955
Y26b,1732335705,2024-04-23T13:21:31Z,2024-04-23,0,1768017540,213592,35.0666275024414,30.882080078125007,"c(35.0666275024414, 30.882080078125)",12.633485971505912,4874955
Y26b,1732335705,2024-04-23T13:41:42Z,2024-04-23,0,1768017540,213592,35.066764831543,30.8820972442627,"c(35.066764831543, 30.8820972442627)",25.55018223007774,4874955
Y26b,1732335705,2024-04-23T14:01:28Z,2024-04-23,0,1768017540,213592,35.0665969848633,30.882123947143604,"c(35.0665969848633, 30.8821239471436)",13.50434187164825,4874955
Y26b,1732335705,2024-04-23T14:21:31Z,2024-04-23,0.277777777777778,1768017540,213592,35.0665550231934,30.8821659088135,"c(35.0665550231934, 30.8821659088135)",15.885449512105595,4874955
Y26b,1732335705,2024-04-23T14:41:49Z,2024-04-23,0,1768017540,213592,35.066825866699205,30.882070541381797,"c(35.0668258666992, 30.8820705413818)",30.57220424256687,4874955
Y26b,1732335705,2024-04-23T15:01:25Z,2024-04-23,0,1768017540,213592,35.0667953491211,30.881237030029297,"c(35.0667953491211, 30.8812370300293)",91.84721271825258,4874955
Y26b,1732335705,2024-04-23T15:21:24Z,2024-04-23,0,1768017540,213592,35.0667572021484,30.881254196166992,"c(35.0667572021484, 30.881254196167)",88.9938576388578,4874955
Y26b,1732335705,2024-04-23T15:41:25Z,2024-04-23,0,1768017540,213592,35.0666427612305,30.881399154663107,"c(35.0666427612305, 30.8813991546631)",70.87060690731198,4874955
Y26b,1732335705,2024-04-23T16:01:28Z,2024-04-23,0,1768017540,213592,35.0667343139648,30.8811931610107,"c(35.0667343139648, 30.8811931610107)",95.01706669170395,4874955
Y26b,1732335705,2024-04-25T11:56:46Z,2024-04-25,0,1768017540,213592,35.0666236877441,30.8819713592529,"c(35.0666236877441, 30.8819713592529)",12.555401428205094,4874955
Y26b,1732335705,2024-04-25T12:17:10Z,2024-04-25,0,1768017540,213592,35.0665550231934,30.881992340087905,"c(35.0665550231934, 30.8819923400879)",5.845561269091314,4874955
